post_id,timestamp
4064817276861821,1588064101
4053741537969395,1587730419
4053344618009087,1587720907
4047103708633178,1587582817
4045766135433602,1587556603
4045436808799868,1587548210
4045308018812747,1587544887
4038436439499905,1587386580
4038060382870844,1587378169
4026693874007495,1587367800
4018389094837973,1586957234
4014057418604474,1586857853
4006781045998778,1586710850
4006767769333439,1586700000
4006723492671200,1586689389
4001057476571135,1586548996
4000606339949582,1586538738
3995767497100133,1586424421
3992511924092357,1586344636
3992291007447782,1586338817
3989189231091293,1586262093
3985590054784544,1586174611
3985242914819258,1586165271
3984919624851587,1586160058
3974883699188513,1585911701
216999386310812,1585907409
3960700470606836,1585900800
3968712223138994,1585756100
215804116430339,1585747971
3960661917277358,1585728000
3964843536859196,1585661183
1109124709444120,1585322238
3960912633918953,1585568167
3949189608424589,1585555200
3957971880879695,1585495969
3954158497927700,1585407611
3953741891302694,1585400400
3950698918273658,1585328817
647188572510136,1585328410
3950562568287293,1585326358
3947307281946155,1585299600
3947186225291594,1585255192
3946676798675870,1585244318
3946141078729442,1585233753
3945906792086204,1585229182
3945466425463574,1585218942
3941978672479016,1585134923
3939078469435703,1585062084
3923971074279776,1585040451
3935732113103672,1584979182
3935531653123718,1584975127
3935083153168568,1584965561
3917052491638301,1584878400
3917009484975935,1584867612
3928412290502321,1584802568
3917038258306391,1584792000
3916993338310883,1584781213
3925132854163598,1584723617
3924954154181468,1584718392
3921572861186264,1584634949
3426849320672792,1584622803
3920570487953168,1584611556
205846160759468,1584520499
3910216825655201,1584606608
3917579241585626,1584536919
3910183238991893,1584522024
3913867965290087,1584448504
3911841718826045,1584394910
3911467048863512,1584386197
3877097755633775,1584181801
3900828136594070,1584118790
3900465826630301,1584111065
3900313689978848,1584107944
3899866356690248,1584097749
3411508392206885,1584097555
3899789440031273,1584095738
3899742863369264,1584094476
3896488553694695,1584011809
3896283393715211,1584006391
3876983825645168,1584001852
3893987793944771,1583944125
3893731987303685,1583938559
3893269607349923,1583928065
200677651276319,1583850945
3893111370699080,1583924046
3892958120714405,1583919987
3866446266698924,1583915411
3890661750944042,1583856816
3890556370954580,1583854542
3890456754297875,1583852444
3889958477681036,1583841712
3889676457709238,1583834424
3866288336714717,1583829032
3887637104579840,1583776913
3887624304581120,1583776611
3887473651262852,1583773241
3886572944686256,1583753294
3886496938027190,1583751463
3886362848040599,1583748008
3883322115011339,1583676000
3882906098386274,1583658063
3881380911872126,1583618400
3881385708538313,1583616281
3881291995214351,1583613875
3880890628587821,1583604332
3880700391940178,1583600076
3880514638625420,1583596138
3880378288639055,1583593206
3880203441989873,1583589611
3876523125691238,1583584231
3876491195694431,1583582405
3876477655695785,1583578818
3862618533748364,1583577020
3876460412364176,1583575237
3876471475696403,1583573440
3877367448940139,1583512561
3876398812370336,1583491446
3876302732379944,1583488862
3876149549061929,1583484589
3874052909271593,1583431200
3873945602615657,1583424515
3873742385969312,1583420125
3873307096012841,1583411149
3873122809364603,1583406779
3872960042714213,1583402420
3871333739543510,1583358929
3869592589717625,1583323260
3869665683043649,1583320786
3847571135253104,1583317853
3868310163179201,1583282757
3868250063185211,1583281126
3868204349856449,1583280066
3868143029862581,1583278387
3867986129878271,1583273937
3867926073217610,1583272372
3867781739898710,1583268453
3867676583242559,1583265624
3867532569923627,1583262014
3866224640054420,1583251205
3866208426722708,1583247613
3866203466723204,1583245802
3866190473391170,1583244035
3863017220375162,1583164800
3863638836979667,1583164412
3862957470381137,1583151017
3862809780395906,1583147470
3862763190400565,1583146229
3862736083736609,1583145492
3856821644328053,1583000920
3856683271008557,1582997908
3856531587690392,1582995079
3856295561047328,1582991200
3856105471066337,1582988424
3855882181088666,1582984829
3848177868525764,1582979401
3848167505193467,1582977614
3848150088528542,1582974030
3848114745198743,1582972239
3848141691862715,1582968628
3853096038033947,1582923217
3852934728050078,1582919243
3851203491556535,1582912810
3851935118150039,1582902051
3851696391507245,1582896706
3848522241824660,1582819544
2774357335966343,1582784055
3847994641877420,1582808062
3847527685257449,1582795761
3838180212858863,1582792234
3844726245537593,1582721429
3841656629177888,1582720200
3844463222230562,1582714738
3841837339159817,1582641842
3838981019445449,1582563648
3838761452800739,1582558786
3838366486173569,1582550189
3838311932845691,1582548975
3838287206181497,1582548380
3838174656192752,1582545623
3838172666192951,1582545572
3838046956205522,1582542221
3825136090829942,1582535700
3815073561836195,1582534810
3836126419730909,1582485617
3833187780024773,1582408280
3832505883426296,1582390375
3832325693444315,1582386395
3832194356790782,1582383609
3832023166807901,1582380010
3830054707004747,1582376438
3830044273672457,1582372854
3830040680339483,1582371010
3830033463673538,1582367436
3830028000340751,1582365659
3830017717008446,1582363828
3829671707043047,1582315021
3829214300422121,1582303716
3828886670454884,1582296872
3828701543806730,1582293033
3828062190537332,1582286404
3828290827181135,1582283798
3828173700526181,1582280701
3815031475173737,1582275614
3825600087450209,1582210061
3825073080836243,1582198982
3824950254181859,1582195734
3822095317800686,1582118648
3821881501155401,1582113496
3821818414495043,1582111882
3821658761177675,1582107534
3821612151182336,1582106248
3819004708109747,1582042500
3818885764788308,1582032252
3818435514833333,1582021536
3527416007300956,1582014339
3798783003465251,1582012855
3815182001825351,1581935585
3815079818502236,1581933652
3813507351992816,1581886202
3813369535339931,1581882540
3813138078696410,1581877350
3812960568714161,1581873374
3812825505394334,1581870607
3812652388744979,1581867023
3812470358763182,1581863110
3812382232105328,1581861298
2563399020567757,1581861100
3810502388959979,1581858957
3810496505627234,1581856250
3810489755627909,1581854431
3810482558961962,1581852637
3810475592295992,1581849047
3808851455791739,1581768746
3808765529133665,1581766522
3807179255958959,1581720152
3806943419315876,1581713740
3806783272665224,1581709751
3806647892678762,1581706211
3806521696024715,1581703212
3802923856384499,1581701400
3805983916078493,1581691753
3805885259421692,1581689720
3805464872797064,1581680701
3805231559487062,1581675044
3805175312826020,1581673448
3798602513483300,1581670800
3803311636345721,1581620879
3803149439695274,1581616841
3802855436391341,1581610206
3802563129753905,1581603864
2493384707598197,1581599539
3802363163107235,1581599488
3801900559820162,1581588364
3801893099820908,1581588188
3801803826496502,1581585690
3799533563390195,1581521810
3799435193400032,1581519698
3798765640133654,1581503824
3798687770141441,1581501615
3798655913477960,1581500802
3798601176816767,1581499306
2215969218711049,1581439872
3796271790383039,1581435592
3795813623762189,1581425073
3795480867128798,1581416434
3795446290465589,1581415368
3793517087325176,1581358715
3793158717361013,1581350478
3792989614044590,1581346646
3792043314139220,1581339623
3779778872032331,1581337800
3792515177425367,1581335788
3792511554092396,1581335692
3792298434113708,1581330004
3773812202628998,1581323447
3782574511752767,1581069759
3780080622002156,1580999550
3780024072007811,1580998236
3779880135355538,1580995001
3779434505400101,1580983225
3754343211242564,1580979620
3776823485661203,1580911348
3776585419018343,1580905837
3757885210888364,1580891400
3775124839164401,1580863494
3775106609166224,1580862944
3775100902500128,1580862761
3775053732504845,1580861466
3774859505857601,1580855898
3774766589200226,1580853515
3774628699214015,1580849618
3774511969225688,1580846758
3774373255906226,1580843108
3773150659361819,1580833815
3773143546029197,1580832042
3773138822696336,1580830228
3773129762697242,1580828400
3773110462699172,1580826643
3773116269365258,1580824846
3773176032692615,1580814164
3751787744831444,1580805000
3770863859590499,1580752837
3770852332924985,1580746097
3770661546277397,1580741739
3770493802960838,1580737916
3770266266316925,1580732357
3770048596338692,1580731222
3770200029656882,1580730525
3765074903502728,1580583176
3764999190176966,1580581191
3764780050198880,1580576021
3764612296882322,1580572151
3764473893562829,1580569287
3764342460242639,1580566375
3764303483579870,1580565608
3762159223794296,1580558453
3762147117128840,1580556647
3748506211826264,1580554831
3762135383796680,1580553049
3762129417130610,1580547643
3762373630439522,1580509852
3762047650472120,1580499893
3761374383872780,1580483053
3761206913889527,1580479252
3754331031243782,1580473800
3760806273929591,1580472054
3760775593932659,1580468785
3760694157274136,1580466453
3759069397436612,1580415327
3758869487456603,1580410113
3758853890791496,1580409718
3758822847461267,1580409019
3758197310857154,1580393801
3757967267546825,1580388702
3757602970916588,1580378741
3755264471150438,1580313871
3755180994492119,1580311838
3754941744516044,1580306408
3754320331244852,1580292041
3739126199430932,1580286651
3752433134766905,1580234427
3752284244781794,1580230837
3752187014791517,1580228479
3751306521546233,1580228100
3751870408156511,1580221107
3751587148184837,1580214491
3751252128218339,1580205417
3749579125052306,1580153140
3748954111781474,1580137283
3748687978474754,1580130955
3748509541825931,1580126676
3748316351845250,1580121542
3748270435183175,1580120038
3748243678519184,1580119212
3743296975680521,1579978397
3743251419018410,1579977178
3743010832375802,1579971229
3742857872391098,1579967381
3742727445737474,1579964464
3742562782420607,1579960817
3742034792473406,1579955455
3742019535808265,1579951804
3735563199787232,1579950038
3741990119144540,1579948233
3742013452475540,1579946702
3741940725816146,1579944403
3739667366043482,1579882257
3739521486058070,1579879161
3739468202730065,1579878050
3738847449458807,1579863616
3726992140644338,1579856410
3737032572973628,1579809698
3736402169703335,1579794529
3735816786428540,1579780986
3735662186444000,1579776735
3735570233119862,1579774072
3735555359788016,1579773654
3735449133131972,1579770461
3726957950647757,1579770050
3734057643271121,1579729247
3733892506620968,1579724463
3732729653403920,1579717819
3733600299983522,1579716559
3733097596700459,1579705256
3733062723370613,1579704504
3732595233417362,1579693098
3704664786210407,1579681804
3731251586885060,1579651140
3731186030224949,1579649435
3731115423565343,1579647436
3731058816904337,1579645662
3731003873576498,1579644212
3730920130251539,1579642035
3730769103599975,1579637811
3730668280276724,1579635033
3730560310287521,1579632101
3730530236957195,1579631411
3729922430351309,1579627858
3729892917020927,1579620648
3729884827021736,1579618819
3729870763689809,1579616818
3729861740357378,1579616657
3729796917030527,1579615325
3729770893699796,1579614841
3729701243706761,1579613446
3727395380604014,1579543568
3726911570652395,1579532419
3726781507332068,1579530600
3726269184049967,1579516177
3726210274055858,1579514425
3723165774360308,1579429589
3704614696215416,1579424407
3721763604500525,1579386395
3721759001167652,1579386242
3721741914502694,1579385734
3721712624505623,1579384828
3721694107840808,1579384258
3721626977847521,1579382244
3721540091189543,1579379700
3721470297863189,1579377744
3721377714539114,1579375567
3721230444553841,1579371614
3721111771232375,1579368604
3720960897914129,1579365005
3717914888218730,1579352454
3717925391551013,1579348806
3717906621552890,1579345251
3720134934663392,1579344561
3717902734886612,1579341622
3718250251518527,1579286766
3717976298212589,1579280467
3717940264882859,1579279579
3717648831578669,1579273037
3717463258263893,1579269004
3717203634956522,1579262971
3717006414976244,1579262416
3717073131636239,1579259491
3717032291640323,1579258340
3716928431650709,1579255206
3714982171845335,1579197090
3713798965296989,1579170085
3713724355304450,1579167977
3711320128878206,1579105800
3711455828864636,1579102813
3710889902254562,1579089874
3710849208925298,1579088903
3710783012265251,1579087070
3710748958935323,1579086121
3710701268940092,1579084771
3710650742278478,1579083217
3710635615613324,1579082738
3691264217550464,1579077008
3709405335736352,1579044499
3709387745738111,1579043985
3709176972425855,1579037776
3709023469107872,1579033980
3708916929118526,1579031184
3708775702465982,1579027511
3708053529204866,1579011311
3707781129232106,1579010409
3707751882568364,1579006847
3707798365897049,1579005598
3707708575906028,1579003406
3707259692617583,1578989770
3705235746153311,1578942013
3705561159454103,1578939687
3705115376165348,1578929212
3704903992853153,1578924735
3704678986208987,1578919691
3704440642899488,1578913612
3701584819851737,1578834555
3691222944221258,1578819633
3699663913377161,1578780052
3699614916715394,1578778621
3699239420086277,1578768934
3699055300104689,1578764485
3698919913451561,1578761711
3698730046803881,1578757827
3698573723486180,1578754813
3698391540171065,1578751208
3696368537040032,1578742203
3696348933708659,1578736850
3696345430375676,1578735057
3696400073703545,1578733214
3696154763728076,1578689693
3696017280408491,1578685854
3694921023851450,1578679257
3695461500464069,1578672378
3694737020536517,1578657361
162810341729717,1578653333
3694729930537226,1578657208
3694684153875137,1578656054
3694611937215692,1578654042
3694559867220899,1578652513
3694497133893839,1578650603
3685366431473576,1578646800
3692431034100449,1578590771
3691343814209171,1578573026
3691445060865713,1578568915
3691323930877826,1578565358
3691280614215491,1578564014
3688379771172242,1578487107
3688272954516257,1578484482
3688026787874207,1578477635
3685734138103472,1578413246
3685710494772503,1578412815
3685642418112644,1578411317
3685484958128390,1578407934
3685212148155671,1578402109
3685157588161127,1578400840
3684758828201003,1578391314
3669289749747911,1578385803
3683043558372530,1578339913
3682598608417025,1578328967
3682405981769621,1578324755
3682263048450581,1578321657
3681724051837814,1578308545
3681663471843872,1578306863
3681595805183972,1578304815
3668996326443920,1578299433
3676465852363634,1578162200
3676236692386550,1578156752
3675807582429461,1578147816
3675630295780523,1578143948
3675509372459282,1578141142
3675387305804822,1578138017
3675365409140345,1578137475
3672334986110054,1578128447
3672288682781351,1578126649
3672280562782163,1578124822
3672545306089022,1578123032
3672269079449978,1578121250
3672251882785031,1578119449
3672908689386017,1578068139
3672614706082082,1578061534
3672544539422432,1578060022
3672370819439804,1578056157
3672013329475553,1578049238
3672022696141283,1578047135
3671801786163374,1578040253
3669426229734263,1577976596
3668943119782574,1577965226
3668868396456713,1577963146
3666849649991921,1577902793
3666629613347258,1577897572
3666459513364268,1577893707
3666321476711405,1577890811
3666118296731723,1577887244
3666106493399570,1577886085
3663138427029710,1577878241
3663096250367261,1577876455
3663113263698893,1577872845
3663076547035898,1577871040
3663052783704941,1577869235
3652946281382258,1577541610
3650820441594842,1577530857
3647492778594275,1577384279
3646546002022286,1577361667
3646528778690675,1577361203
3627693780574175,1577358039
3643188012358085,1577268919
3641239135886306,1577260839
3641424535867766,1577218681
3633801429963410,1577010824
3631942760149277,1576960219
3631085273568359,1576936816
3618091261534427,1576927832
3614937431849810,1576922452
3614929855183901,1576918832
3628223027187917,1576855892
3618659891477564,1576845000
3627419553934931,1576836333
3622025837807636,1576776637
3624322567577963,1576749949
3615357225141164,1576500843
3609864202357133,1576348605
3605457139464506,1576319420
3595920943751459,1576317605
3605623919447828,1576242009
3605473886129498,1576235580
3605346729475547,1576232031
3603037509706469,1576166758
3602072683136285,1576145088
3598653466811540,1576056951
3596136597063227,1575990803
3595279613815592,1575972080
3591826474160906,1575886388
3589672547709632,1575835200
3586589761351244,1575808235
3588592451150975,1575806538
3571101972900023,1575802844
3585628234780730,1575741601
3585239694819584,1575722974
3584986961511524,1575717149
3584774078199479,1575716421
3581687688508118,1575633963
3570883726255181,1575563414
3578338968842990,1575552711
3574312022579018,1575455664
3571754916168062,1575389472
567175050511489,1575370818
3571742849502602,1575389189
2157338194574152,1575388800
3567269826616571,1575284653
3561226423887578,1575151260
3561243843885836,1575132309
3561062803903940,1575128603
3546126238730930,1575102604
3553924544617766,1574954986
3553038461373041,1574932332
3522108921132662,1574841620
3546840158659538,1574775997
3544373455572875,1574715324
3544095455600675,1574708391
3543940342282853,1574704989
3543150755695145,1574688787
3521879744488913,1574679632
3532643500079204,1574434872
3525667207443500,1574259707
3523039407706280,1574189599
3518387054838182,1574072170
3505057836171104,1573739554
3504665339543687,1573730840
3499261936750694,1573590871
3499102260099995,1573586788
3498452640164957,1573573199
3497530986923789,1573554078
147029863307765,1573552243
3494336377243250,1573474135
3494083290601892,1573468061
3490781837598704,1573383759
3489422267734661,1573345933
3488385541171667,1573318738
3477816425561912,1573295403
3477729498903938,1573286452
3484358214907733,1573217543
3484008784942676,1573209162
3481183811891840,1573131273
3480851165258438,1573122817
3476379949038893,1572995161
3475845475759007,1572979899
3475530779123810,1572972016
3473001172710104,1572900931
3471607752849446,1572890451
3468567319820156,1572795000
3468611246482430,1572786027
3462687317074823,1572771600
3467009936642561,1572732121
3466431203367101,1572715534
3466190876724467,1572709950
3466147003395521,1572708967
3466049906738564,1572706991
3465868656756689,1572703215
3462306497112905,1572698700
3462240293786192,1572690600
3455812994428922,1572688800
3455796087763946,1572685200
3455727607770794,1572681600
3459621557381399,1572539400
3459523480724540,1572532282
3459238244086397,1572526187
3459025994107622,1572520789
3450337488309806,1572442200
3453184694691752,1572356127
3451271418216413,1572297225
3449908001686088,1572263722
3449785615031660,1572260472
3449712421705646,1572258510
3448167835193438,1572210111
3447604798583075,1572196458
3440305579312997,1572179400
3440686865941535,1572176704
3437430506267171,1572175800
3437304229613132,1572164100
3433822586627963,1572163201
3440386015971620,1572100200
3440291749314380,1572089401
3437413496268872,1572012000
3440569849286570,1572006753
3182061865168730,1572006574
3440097966000425,1571993232
3437044189639136,1571907639
3434364883240400,1571834574
3431163063560582,1571817601
3432253543451534,1571774123
3431483986861823,1571755807
961302207555760,1571755544
3430612890282266,1571735004
3429013470442208,1571690443
3422622347747987,1571523338
3422600707750151,1571519376
3421438387866383,1571491892
3407862175890671,1571479200
3413938385283050,1571477400
3418246644852224,1571404977
3417454244931464,1571383789
3414754558534766,1571322655
3411054585571430,1571227402
3410700428940179,1571218496
3404511782892377,1571045535
3395484930461729,1570800037
3394962127180676,1570787654
3392582684085287,1570737600
3392577260752496,1570734000
3392558977420991,1570725001
3389579257718963,1570628467
3388973971112825,1570613062
3388894651120757,1570611601
3386833537993535,1570547924
3383776241632598,1570525200
3383855091624713,1570523400
3384290094914546,1570472436
3383061918370697,1570442700
3382971288379760,1570437983
3381905041819718,1570403097
3381508215192734,1570395600
3381480558528833,1570390344
3381472378529651,1570390131
3362959507047605,1570350600
3367951389881750,1570348801
3370968939579995,1570283100
3373870752623147,1570187700
3373860892624133,1570183105
3370937936249762,1570101300
3370923886251167,1570097580
3368169029859986,1570016458
3363034423706780,1569856662
3360615390615350,1569782510
3359974757346080,1569767841
3347547618588794,1569754802
3344984538845102,1569747601
3344834952193394,1569657601
3354667044543518,1569609871
3344746708868885,1569483000
3348257878517768,1569429662
3347930161883873,1569421476
3341916062485283,1569247088
3341618659181690,1569240079
3341150132561876,1569225828
3338798769463679,1569173400
3336714113005478,1569096015
3336131736397049,1569082500
3332213933455496,1569078009
3323919577618265,1569060001
3323570170986539,1569056403
3333662766643946,1569008204
3332886030054953,1568989039
3332797713397118,1568987026
3332796006730622,1568986992
3332345506775672,1568975313
3326334650710091,1568799949
3324111910932365,1568754000
3324084690935087,1568732402
3323739540969602,1568720514
3317997738210449,1568557801
3315785588431664,1568494801
3315384701805086,1568467312
3315233908486832,1568463553
3312416518768571,1568460000
3300545436622346,1568449800
3308979832445573,1568441700
3312217395455150,1568372177
3309399512403605,1568289565
3307045452639011,1568217601
3306287926048097,1568194092
3304093682934188,1568125967
3288537931156430,1568100600
3300953743248182,1568036186
3291187117558178,1567763708
3291089950901228,1567760423
3288458361164387,1567681415
3285598944783662,1567594870
3285523958124494,1567592355
3280516631958560,1567582200
3283755968301293,1567532485
3283347025008854,1567530900
3280112485332308,1567422448
3279917878685102,1567416166
3277065625636994,1567329470
3275280769148813,1567272544
3274767445866812,1567260017
3274613409215549,1567259100
3271475426196014,1567254600
3271443096199247,1567252803
3268858106457746,1567234800
3272074889469401,1567175787
3271429776200579,1567158382
3271170862893137,1567149239
3268815636461993,1567092601
3268688153141408,1567091701
3267298083280415,1567024929
3263590223651201,1567007100
3263538816989675,1566986400
3263472200329670,1566975601
3263607516982805,1566914832
3255442394465984,1566809700
3258376220839268,1566754005
3258074857536071,1566747008
3257911627552394,1566743423
3255423061134584,1566719100
3252659074744316,1566633600
3252889318054625,1566586131
3252578381419052,1566579623
3252227264787497,1566569133
121103112567107,1566556449
3251942541482636,1566562199
3249380825072141,1566482698
3246374002039490,1566389881
3246160258727531,1566383570
3241086145901609,1566230401
3241012879242269,1566226801
3240971945913029,1566222125
3240381735972050,1566203858
3231913296818894,1566042300
3234604499883107,1566036060
3226361310707426,1565773201
3225185847491639,1565731077
3224393217570902,1565708605
3224187344258156,1565703741
3223937944283096,1565698500
3221141927896031,1565618541
3220987004578190,1565614618
3220868541256703,1565611327
3220744854602405,1565607638
3220614151282142,1565603343
3220576721285885,1565602022
3212436158766608,1565515800
3212846695392221,1565510401
3212685272075030,1565510401
3212777345399156,1565370001
3212779828732241,1565361316
3212450775431813,1565352836
3212190192124538,1565344720
3211923798817844,1565334818
3210511515625739,1565287735
3210394335637457,1565284663
3209882635688627,1565271838
3201545689855655,1565249400
3206621082681449,1565170412
3201786826498208,1565015313
3199009453442612,1564924779
3198669026809988,1564914564
3198616576815233,1564912792
3196833640326860,1564853488
3196463493697208,1564844270
3196453640364860,1564844036
3195672200443004,1564830000
3190639684279589,1564677001
3190158374327720,1564649116
3187661961244028,1564571318
3187448177932073,1564564418
3181765155167042,1564471800
3182383515105206,1564405952
3182320758444815,1564404400
3180476298629261,1564342382
3178027118874179,1564267546
3176868522323372,1564234062
3176428972367327,1564226100
3176452562364968,1564221773
3173500102660214,1564131828
3169024693107755,1563989039
3168565149820376,1563977644
3167919529884938,1563959358
3166081373402087,1563903324
3166053456738212,1563902641
3165996396743918,1563901227
3162327947110763,1563794824
3160064497337108,1563722164
3158710370805854,1563680554
3157291577614400,1563635927
3157004637643094,1563628366
3156512591025632,1563613222
3156392451037646,1563609610
3153914224618802,1563530014
3153530451323846,1563525000
3153559434654281,1563517071
3153508477992710,1563515196
3153091141367777,1563500680
3151162288227329,1563446900
3148088548534703,1563357807
3148040815206143,1563356373
3147912291885662,1563352575
3143294222347469,1563204464
3142529562423935,1563183388
3137370702939821,1563016639
3131704416839783,1562835719
3127197033957188,1562689783
3126664110677147,1562675834
3126570387353186,1562673129
3096478697029022,1562657400
3116030405073851,1562335815
3096465887030303,1562311801
3113029575373934,1562245146
3112558665421025,1562231626
3110661312277427,1562162510
3054688651208027,1560411017
3054594024550823,1560407439
3052215391455353,1560342008
3049248341752058,1560250800
3049221671754725,1560245513
3038435856166640,1559919600
3030479993628893,1559645033
3014318308578395,1559122939
3012159778794248,1559070000
3002110466465846,1558785601
3001825403161019,1558706883
3001729296503963,1558704374
2991523377524555,1558425601
2989010334442526,1558271802
2985988281411398,1558173380
2983562614987298,1558146000
2981005095243050,1558078200
2980737638603129,1558008001
2975871135756446,1557833951
2973151896028370,1557745200
2971880952822131,1557695226
2970885732921653,1557668700
2963703420306551,1557565201
2961048563905370,1557341231
2960832373926989,1557334880
2960480660628827,1557331201
2959938787349681,1557309833
2959841787359381,1557306202
2957934017550158,1557241376
2957361614274065,1557223541
2953193958024164,1557072427
2952331058110454,1557052200
2951051108238449,1556995548
2950989768244583,1556993708
2945530208790539,1556967601
2947990215211205,1556962201
2949423195067907,1556957700
2945318935478333,1556956800
2948429318500628,1556902824
2947542241922669,1556902801
2947830258560534,1556884882
2945303882146505,1556796600
2945079732168920,1556784734
2940137749329785,1556616330
2937937799549780,1556539200
2935848623092031,1556462562
2932874553389438,1556366400
2931042150239345,1556298000
2930357343641159,1556272847
2925607124116181,1556125201
2925458157464411,1556110522
2925180794158814,1556100733
2923224877687739,1556040600
2923214447688782,1556026374
2918217584855135,1555845300
2917967298213497,1555834342
2916204881723072,1555777917
2916003081743252,1555772901
2910321318978095,1555758900
2908239409186286,1555750800
2910464505630443,1555675202
2910460862297474,1555610400
2907945165882377,1555515000
2908158729194354,1555513304
2905928686084025,1555429340
2900828269927400,1555250400
2898894100120817,1555166770
2897076576969236,1555095227
2897011120309115,1555093009
2892401407436753,1555088400
2896168930393334,1555075800
2892259097450984,1555066801
2894539533889607,1554997305
2893871767289717,1554974356
2889549074388653,1554807510
2889503451059882,1554805696
2888461241164103,1554796801
2888392304504330,1554757889
2887823817894512,1554737056
2887480804595480,1554725893
2887384424605118,1554722344
2883018908375003,1554647400
2883572758319618,1554572278
2883010211709206,1554555059
2882961225047438,1554553537
2880483191961908,1554550201
2880463198630574,1554549300
2880472095296351,1554461060
2878214652188762,1554377401
2875916082418619,1554290837
2871240089552885,1554276600
2871637786179782,1554128163
2871172632892964,1554111990
2865320930144801,1553941800
2862718893738338,1553782973
2861213577222203,1553724590
2860130670663827,1553686742
2860097467333814,1553685491
2857856027557958,1553607405
2857708010906093,1553602435
2855647531112141,1553521481
2851087494901478,1553338800
2848849911791903,1553249700
2842232675786960,1553101202
2844449315565296,1553078370
2836961176314110,1552775371
2836943066315921,1552774565
2834095319934029,1552728600
2828136847196543,1552723201
2834148526595375,1552665305
2833615536648674,1552646041
2833602809983280,1552645464
2831912753485619,1552577781
2831431893533705,1552560324
2831419166868311,1552559737
2831399883536906,1552558967
2829917030351858,1552476164
2822210254455869,1552140657
2822178161125745,1552139644
2819968284680066,1552129201
2820014924675402,1552127400
2820363391307222,1552123800
2820326164644278,1552075201
2815867335090161,1551883611
2811018715575023,1551711601
2810991575577737,1551699000
2807967655880129,1551614460
2807645345912360,1551562379
2799849913358570,1551531600
2802479583095603,1551529800
2799901606686734,1551528000
2799897063353855,1551524400
2804806912862870,1551454096
2804746579535570,1551452260
2804270802916481,1551435581
2804222372921324,1551433912
2799788756698019,1551261601
2798150270195201,1551202201
2795415657135329,1551200402
2795380817138813,1551182401
2795375167139378,1551178801
2795466637130231,1551175202
2795368697140025,1551171601
2795765083767053,1551115801
2795907177086177,1551111338
2795294537147441,1551089578
2788492257827669,1551024001
2793075494036012,1551020401
2793068364036725,1551013201
2793053547371540,1551001985
2792017037475191,1550962746
2788918327785062,1550928601
2786487134694848,1550926800
2788487811161447,1550925001
2788245381185690,1550917800
2788860491124179,1550849706
2788795057797389,1550847628
2785944651415763,1550744424
2778973552112873,1550479490
2774356515907910,1550312562
2772097859467109,1550236211
2769819513028277,1550166610
2769594819717413,1550159831
2769553953054833,1550158562
2769400749736820,1550153753
2766802253330003,1550082601
2766044696739092,1550052206
2764761850200710,1550052002
2762537150423180,1549926479
2762338410443054,1549918059
2762149813795247,1549911602
2761568127186749,1549902641
2755721284438100,1549875601
2755671804443048,1549800001
2755417147801847,1549713600
2754931951183700,1549629626
2753155218028040,1549560638
2749160981760797,1549404006
2747992055211023,1549361893
2747957808547781,1549360500
2743662065644022,1549197000
2743641388979423,1549195538
2743633945646834,1549195223
2742268675783361,1549138558
2741816865828542,1549122709
2741767019166860,1549120993
2740246935985535,1549097100
2740232352653660,1549058448
2739994306010798,1549048594
2739209339422628,1549047600
2739235026086726,1549024201
2738116396198589,1548977421
2738073089536253,1548975616
2737824792894416,1548972001
2737868422890053,1548967467
2737709846239244,1548961305
2737408479602714,1548950705
2737118416298387,1548941433
2737067212970174,1548939667
2734678149875747,1548847801
2734733796536849,1548847178
2730502666959962,1548777601
2730360520307510,1548774001
2726884673988428,1548526991
2726310317379197,1548512100
2717580834918812,1548500400
2724369804239915,1548429814
2724156150927947,1548422302
2722486954428200,1548361801
2722323044444591,1548344734
2722290001114562,1548343550
2721967711146791,1548332022
2721792681164294,1548326359
2720107294666166,1548256542
2717702481573314,1548160246
2711179342225628,1547978402
2711885812154981,1547929605
2711162812227281,1547906401
2711089702234592,1547902142
2709513199058909,1547900100
2709228069087422,1547825567
2706616346015261,1547723974
2706528639357365,1547721001
2704823846194511,1547650674
2704554169554812,1547641182
2704386136238282,1547634109
2700297089980520,1547577000
2700403469969882,1547570700
2700431946633701,1547557201
2700425533301009,1547553600
2700494643294098,1547476451
2700292299980999,1547470270
2700150583328504,1547465178
2700110273332535,1547463548
2696582040352025,1547314228
2685597201450509,1547307000
2694102037266692,1547213411
2693799520630277,1547200944
2691956377481258,1547121487
2690062701003959,1547042757
2689824821027747,1547033952
2689651207711775,1547028002
2687963877880508,1546956035
2687769794566583,1546949989
2687554167921479,1546940776
2686627651347464,1546898032
2686070451403184,1546876864
2683737434969819,1546786772
2679179588758937,1546686002
2678830232127206,1546604255
2678806068796289,1546603380
2675487882461441,1546466218
2675189082491321,1546459320
2670048736338689,1546441200
2674594645884098,1546435698
2647775605232669,1546423201
2665022313507998,1546077469
2660900367253526,1545904948
2658717177471845,1545836520
2659099847433578,1545836410
2658691367474426,1545821285
2652181514792078,1545561760
2648229461853950,1545406302
2639248139418749,1545051602
2635817296428500,1544958000
2630903576919872,1544712546
2626946020648961,1544542772
2624620894214807,1544452034
2618837854793111,1544362200
2618484634828433,1544197847
2615039921839571,1544054991
2614982488511981,1544052612
2614950361848527,1544051372
2612687902074773,1543961815
2612337028776527,1543947440
2612297692113794,1543945878
2612234562120107,1543943553
2611765232167040,1543929795
2611361462207417,1543914202
2609519762391587,1543837883
2605873629422867,1543690366
2605854359424794,1543689690
2605299316146965,1543673701
2603014846375412,1543654802
2596355873707976,1543393800
2595413763802187,1543264218
2566877409989156,1542019500
2559357190741178,1541854802
2555246034485627,1541541620
2529609073715990,1540632601
2525083154168582,1540385285
2513534268656804,1539877480
2511037318906499,1539769235
2511000275576870,1539767510
2496137910396440,1539168616
2495389857137912,1539099154
2495214817155416,1539092915
2486531814690383,1538823601
169590187260793,1538476836
536570423430883,1538400600
585174568565269,1538391177
248954132462668,1538243621
978065392400121,1538242975
536274006823036,1538223300
718912295110436,1538217000
307391519845501,1538215200
546710179096517,1538174774
2214604435483998,1538165178
328366724603507,1538163158
2468315119845386,1537869536
2468276403182591,1537867375
2463798853630346,1537696801
245190062841249,1537651395
261227724420845,1537639927
484575898692508,1537610402
271304763723387,1537545034
328398001243433,1537448397
558961627871653,1537381740
2228759664035848,1537374600
2458057510871147,1537372440
459223807900261,1537032039
1030131270500800,1537030497
900607160133614,1537008300
672749059769319,1537000201
298506717547061,1536996600
325384378196774,1536939763
619637755099777,1536846680
226926871505484,1536487200
1962966074007019,1536404401
298507224283210,1536398298
1099159413558458,1536352173
2436565706353661,1536321680
1853154618072067,1536321601
2257062524513575,1536265800
1920032351418942,1536262201
701791570180213,1536228002
459064157937501,1536159513
522625298165051,1536147972
2432858386724393,1536141873
322787984935848,1535980173
314694602622249,1535878802
2426984637311768,1535845007
273135770191921,1535840789
1781445891972892,1535835024
277096322902586,1535808601
2172993446313849,1535796002
235301453822067,1535729986
2424136820929883,1535711039
932625046945873,1535642997
239809406729010,1535641770
841011332955732,1535549401
2419781668032065,1535544002
2419450554731843,1535533201
656266648080329,1535470703
217729762428779,1535464562
249283005727218,1535368200
2187117181545130,1535310894
1949695435328504,1535309957
1693249504136511,1535307314
461746137669532,1535279401
639370899781454,1535275800
295344751197304,1535229999
266118574022530,1535123354
229383414421723,1535039024
316569022430576,1534881601
440383563115885,1534866656
2404062492937316,1534840235
2112746242312320,1534800700
297012104428378,1534799769
2402344259775806,1534773096
255732261715619,1534683602
1839227952865115,1534669202
2398369453506620,1534663801
249487939225504,1534610944
2157784244502339,1534604418
1885777944801841,1534583700
2071350082876577,1534580100
250780922221968,1534577401
857798187758525,1534528802
276691229810844,1534519898
2395342530475979,1534515071
494706340995973,1534505953
529142974205578,1534432418
2177196069234611,1534428565
307080766712178,1534338123
244055783102489,1534332984
494160651031862,1534236384
513763099093841,1534235607
277688832819598,1534182820
2385294758147423,1534154935
2383019731708259,1534081500
2382993595044206,1534077000
2382964505047115,1534064604
2381289448547954,1534001750
2381231588553740,1534000182
2379593138717585,1533983400
2379583062051926,1533981601
2380581151952117,1533980700
2379555905387975,1533972600
2379324052077827,1533932703
2379042642105968,1533923417
2378681812142051,1533910709
2378668942143338,1533910215
2378332545510311,1533898583
2376995145644051,1533850201
2376982608978638,1533846601
2376975072312725,1533843929
2375932522416980,1533809791
2374099242600308,1533738546
2371141346229431,1533629725
2369955079681391,1533589201
2369907303019502,1533583801
2369882223022010,1533579717
2369850346358531,1533578809
2369739889702910,1533575007
2367363079940591,1533484801
2365270663483166,1533402965
2363336140343285,1533380402
2363129553697277,1533377700
2363312473678985,1533366003
2362835703726662,1533319200
2362823510394548,1533309695
2360461703964062,1533215753
2359208824089350,1533160734
2358801237463442,1533144631
2358224970854402,0
2350901471586752,0
2355581294452103,0
2353736911303208,0
2352584434751789,0
2350888434921389,0
2349818661695033,0
2349809805029252,0
2349017461775153,0
2349005101776389,0
2348510791825820,0
2348529815157251,0
2347716338571932,0
2345166958826870,0
2343394682337431,0
2343718585638374,0
2343556038987962,0
2343389172337982,0
2343132815696951,0
2342756715734561,0
2341155949227971,0
2341145549229011,0
2340876772589222,0
2340313005978932,0
2340305675979665,0
2338738469469719,0
2336352999708266,0
2336343773042522,0
2335686323108267,0
2331319613544938,0
2331313016878931,0
2324957927514440,0
2324893287520904,0
2324843417525891,0
2323597447650488,0
2323571140986452,0
2323124717697761,0
2322610534415846,0
2321161381227428,0
2320920067918226,0
2320679947942238,0
2320418324635067,0
2318733158136917,0
2318596664817233,0
2317931778217055,0
2316850718325161,0
2316234365053463,0
2315921795084720,0
2314370091906557,0
2314684645208435,0
2314641181879448,0
2314328665244033,0
2314307025246197,0
2314024851941081,0
2312801215396778,0
2312745162069050,0
2312315145445385,0
2312305332113033,0
2312198838790349,0
2311854692158097,0
2311773102166256,0
2311757378834495,0
2310377535639146,0
2309502689059964,0
2301553136521586,0
2301380216538878,0
2300260226650877,0
2300088996668000,0
2299870473356519,0
2299734153370151,0
2299565293387037,0
2287568454586721,0
2287529161257317,0
2286149628061937,0
2286091378067762,0
2286051228071777,0
2265057453504488,0
2258921920784708,0
2258914190785481,0
2257470150929885,0
2258908217452745,0
2258896150787285,0
2255071191169781,0
2251696384840595,0
2241579532518947,0
2241007869242780,0
2240136442663256,0
2239718836038350,0
2239713269372240,0
2239707439372823,0
2239454899398077,0
2233970583279842,0
2222183057791928,0
2225235647486669,0
2225042184172682,0
2223598604317040,0
2223843604292540,0
2223587767651457,0
2223578297652404,0
2163417813682622,0
2223519830991584,0
2219703684706532,0
2215400731803494,0
2214899148520319,0
2213540971989470,0
2212496878760546,0
2211252718884962,0
2209840902359477,0
2209750339035200,0
2209586152384952,0
2209465665730334,0
2209417469068487,0
2208602872483280,0
2208560279154206,0
2208463062497261,0
2208195125857388,0
2205603179449916,0
2206497352693832,0
2205613662782201,0
2205415606135340,0
2205607969449437,0
2205445189465715,0
2206493422694225,0
2205436289466605,0
2205419602801607,0
2205098669500367,0
2203570529653181,0
2203566076320293,0
2203561126320788,0
2203047623038805,0
2201167686560132,0
2201589033184664,0
2201018573241710,0
2201583306518570,0
2201162943227273,0
2201578163185751,0
2201158253227742,0
2201230479887186,0
2201135519896682,0
2199468683396699,0
2197414320268802,0
2197403620269872,0
2197173553626212,0
2196917300318504,0
2195954857081415,0
2196672177009683,0
2195494347127466,0
2195644303779137,0
2195564290453805,0
2194070303936537,0
2193201414023426,0
2193193450690889,0
2193078350702399,0
2192896857387215,0
2192316927445208,0
2191306810879553,0
2191043840905850,0
2187090347967866,0
2187081164635451,0
2187027601307474,0
2186788774664690,0
2185292671480967,0
2185286871481547,0
2183848348292066,0
2185520238124877,0
2185248621485372,0
2185251351485099,0
2185425111467723,0
2185235501486684,0
2185418318135069,0
2185512488125652,0
2183825131627721,0
2185187234824844,0
2183800354963532,0
2182761068400794,0
2181087635234804,0
2180894435254124,0
2180884888588412,0
2180386951971539,0
2180369171973317,0
2180174141992820,0
2178521652158069,0
2175662592443975,0
2178513675492200,0
2175757669101134,0
2175684985775069,0
2178504605493107,0
2175657062444528,0
2175647689112132,0
2176920418984859,0
2175725095771058,0
2176837232326511,0
2175780859098815,0
2175770712433163,0
2175742842435950,0
2175710482439186,0
2175548949122006,0
2174405032569731,0
2174003085943259,0
2168981866445381,0
2168976549779246,0
2168972889779612,0
2168722356471332,0
2168706543139580,0
2168675306476037,0
2168632489813652,0
2168323726511195,0
2165729336770634,0
2165629096780658,0
2165636823446552,0
2165721256771442,0
2165676186775949,0
2165669936776574,0
2165715290105372,0
2164232743586960,0
2162364800440421,0
2162357810441120,0
2159919857351582,0
2159578940719007,0
2158063750870526,0
2158059590870942,0
2158037497539818,0
2157101567633411,0
2157095830967318,0
2157023284307906,0
2156773660999535,0
2150550194955215,0
2153740761302825,0
2155676744442560,0
2155127487830819,0
2155299691146932,0
2155201687823399,0
2155120974498137,0
2153729351303966,0
2151897021487199,0
2147445935265641,0
2147441155266119,0
2147439025266332,0
2147434791933422,0
2147431681933733,0
2146422605367974,0
2146416228701945,0
2146381658705402,0
2146368025373432,0
2146360645374170,0
2146130225397212,0
2144329642243937,0
2145974945412740,0
2094790737211997,0
2144395615570673,0
2144366692240232,0
2144379068905661,0
2144688528874715,0
2144359918907576,0
2142973192379582,0
2139653652711536,0
2130072583669643,0
2128667927143442,0
2128447087165526,0
2126872013989700,0
2126395910703977,0
2124784840865084,0
2124778407532394,0
2123603307649904,0
2123385224338379,0
2121946481148920,0
2121681741175394,0
2120750531268515,0
2120744337935801,0
2120739324602969,0
2120702841273284,0
2120557207954514,0
2120382764638625,0
2115069685169933,0
2113613111982257,0
2113580765318825,0
2112329975443904,0
2112312862112282,0
2111871892156379,0
2110427002300868,0
2110432998966935,0
2110226955654206,0
2108525642491004,0
2108380232505545,0
2107897689220466,0
2101378726539029,0
2099518506725051,0
2099484473395121,0
2099476286729273,0
2099461730064062,0
2097789593564609,0
2099484793395089,0
2099455586731343,0
2097840143559554,0
2097682983575270,0
2097576966919205,0
2096666050343630,0
2096465650363670,0
2096380550372180,0
2094945003849068,0
2094688203874748,0
2093383800671855,0
2093368687340033,0
2093348944008674,0
2092400094103559,0
2092170444126524,0
2090960367580865,0
2089722331038002,0
2089728954370673,0
2089717951038440,0
2089713947705507,0
2089388177738084,0
2089263247750577,0
2088951871115048,0
2087672504576318,0
2087540174589551,0
2078530765490492,0
2078397885503780,0
2077284988948403,0
2077145978962304,0
2075817892428446,0
2075495705793998,0
2075446319132270,0
2073071786036390,0
2071765489500353,0
2071685796174989,0
2071645646179004,0
2071754839501418,0
2071672609509641,0
2071629476180621,0
2071590956184473,0
2071297649547137,0
2069811176362451,0
2068671286476440,0
2069812456362323,0
2068347889842113,0
2070139772996258,0
2070120509664851,0
2068789179797984,0
2068308513179384,0
2068194203190815,0
2065660016777567,0
2065742010102701,0
2065702043440031,0
2065629853447250,0
2064368110240091,0
2063017567041812,0
2063021743708061,0
2063000037043565,0
2062981960378706,0
2061725413837694,0
2061419867201582,0
2060273763982859,0
2058909910785911,0
2058881980788704,0
2058664250810477,0
2057540734256162,0
2057535797589989,0
2057133104296925,0
2057127167630852,0
2056614424348793,0
2054732531203649,0
2054754571201445,0
2054658681211034,0
2055851717758397,0
2054748651202037,0
2054721724538063,0
2054349581241944,0
2051893614820874,0
2051890771487825,0
2051795424830693,0
2051567254853510,0
2049058401771062,0
2048536285156607,0
2048530298490539,0
2048917275118508,0
2048521265158109,0
2046197255390510,0
2046075362069366,0
2045018662175036,0
2045009215509314,0
2044750635535172,0
2044261262250776,0
2041616739181895,0
2041608832516019,0
2040812492595653,0
2040752535934982,0
2040512332625669,0
2039196499423919,0
2038733782803524,0
2038915342785368,0
2038957009447868,0
2038923829451186,0
2038913519452217,0
2038773232799579,0
2038724612804441,0
2037717399571829,0
2031239470219622,0
2031214200222149,0
2031015276908708,0
2030923523584550,0
2029801570363412,0
2029732947036941,0
2029713393705563,0
2029648960378673,0
2025757437434492,0
2024503284226574,0
2023959140947655,0
2021208284556074,0
10154993801376502,0
2021206291222940,0
2021203807889855,0
2019171234759779,0
2019620351381534,0
2019157478094488,0
2019151401428429,0
2019142498095986,0
2018836791459890,0
2017563944920508,0
1988158781208527,0
2015484101795159,0
2014239685252934,0
2014235968586639,0
2014222671921302,0
2013333155343587,0
2013294762014093,0
2013038198706416,0
2011595678850668,0
2012031588807077,0
2011372418872994,0
2011303952213174,0
2010301735646729,0
2009237619086474,0
2009227445754158,0
2008966905780212,0
2008953979114838,0
2007386232604946,0
2007318115945091,0
2006834479326788,0
2006533416023561,0
2006451766031726,0
2006170296059873,0
2005289426147960,0
2005046162838953,0
2002239386452964,0
2002144476462455,0
2001097009900535,0
2000246523318917,0
2000253543318215,0
1999870240023212,0
1999859900024246,0
1971574896200249,0
1997444656932437,0
1997333796943523,0
1992372077439695,0
1992362214107348,0
1990601770950059,0
1991092567567646,0
1991800257496877,0
1991080087568894,0
1990501154293454,0
1988419211168315,0
1988412541168982,0
1986620838014819,0
1986505821359654,0
1986619188014984,0
1986484971361739,0
1986212858055617,0
1982780908398812,0
1982771521733084,0
1982489945094575,0
1981397498537153,0
1981372428539660,0
1982175955125974,0
1981192761890960,0
1981177798559123,0
1981347275208842,0
1981186068558296,0
1981010441909192,0
1980554925288077,0
1979340195409550,0
1978166868860216,0
1978161352194101,0
1978143352195901,0
1977974698879433,0
1976532092357027,0
1975441849132718,0
1975233699153533,0
1974347199242183,0
1972688912741345,0
1971198192890417,0
1967709559905947,0
1967646353245601,0
1966781769998726,0
1966770316666538,0
1965883956755174,0
1963931900283713,0
1963644736979096,0
1960071860669717,0
1960054374004799,0
1959751550701748,0
1959553194054917,0
1959498194060417,0
1955815627762007,0
1954722214538015,0
1954428921234011,0
1952777961399107,0
1952788071398096,0
1949892628354307,0
1949828945027342,0
1950017375008499,0
1948451415165095,0
1947450318598538,0
1947332008610369,0
1947140795296157,0
1946064368737133,0
1945782712098632,0
1940785225931714,0
1939030682773835,0
1938928716117365,0
1938921962784707,0
1938904279453142,0
1937721169571453,0
1937520712924832,0
1937518109591759,0
1937517506258486,0
1937516472925256,0
1936976922979211,0
1936969449646625,0
1936962842980619,0
1936958859647684,0
1936902886319948,0
1936890772987826,0
1936881182988785,0
1936868779656692,0
1936859089657661,0
1936853666324870,0
1936731713003732,0
1936714106338826,0
1932765336733703,0
1932765470067023,0
1932746026735634,0
1931116786898558,0
1931113833565520,0
1931208036889433,0
1931202470223323,0
1931081116902125,0
1931078050235765,0
1930824046927832,0
1929672837042953,0
1927095097300727,0
1926953050648265,0
1924989477511289,0
1920373127972924,0
1922915951051975,0
1921561117854125,0
1921527737857463,0
1920351501308420,0
1918923078117929,0
1916466271696943,0
1914064621937108,0
1914039818606255,0
1914022738607963,0
1913725958637641,0
1912512818758955,0
1912604132083157,0
1912380755438828,0
1913528051990765,0
1912647722078798,0
1912574058752831,0
1912528875424016,0
1911342228876014,0
1910215305655373,0
1907384472605123,0
1906635756013328,0
1906616316015272,0
1906238109386426,0
1904679129542324,0
1904687389541498,0
1904675069542730,0
1903651856311718,0
1903416376335266,0
1903134789696758,0
1902248813118689,0
1894703687206535,0
1894697320540505,0
1894676900542547,0
1893453310664906,0
1889353434408227,0
1888675754475995,0
1886866817990222,0
1886863601323877,0
1885804038096500,0
1886831817993722,0
1886251354718435,0
1886277381382499,0
1886239431386294,0
1886191211391116,0
1886096548067249,0
1886073488069555,0
1886017654741805,0
1882470718429832,0
1881403558536548,0
1878336802176557,0
1878330685510502,0
1875531982457039,0
1878049132205324,0
1878321208844783,0
1878047058872198,0
1877969838879920,0
1875164295827141,0
1874339562576281,0
1874302699246634,0
1874059285937642,0
1874018239275080,0
1870962996247271,0
1870959836247587,0
1870915616252009,0
1870987659578138,0
1870950762915161,0
1870946362915601,0
1870615792948658,0
1869621843048053,0
1869561746387396,0
1869603989716505,0
1869790443031193,0
1869536606389910,0
1868249819851922,0
1867190066624564,0
1867185589958345,0
1867010296642541,0
1866944389982465,0
1866036506739920,0
1866352996708271,0
1866052220071682,0
1866043813405856,0
1864888176854753,0
1864618436881727,0
1864589586884612,0
1861088410568063,0
1861410757202495,0
1861401493870088,0
1858790260797878,0
1857930254217212,0
10154623468142447,0
1849023041774600,0
1849020418441529,0
1845727168770854,0
1844273128916258,0
1844427065567531,0
1844303335579904,0
1844217872255117,0
1842729802403924,0
1842349999108571,0
1842325882444316,0
1840758242601080,0
1840760489267522,0
1840483282628576,0
1838545136155724,0
1838532826156955,0
1835799556430282,0
1835784053098499,0
1834273309916240,0
1834254779918093,0
1832977243379180,0
1830863173590587,0
1830560353620869,0
1829249543751950,0
1818309198179318,0
1810097089000529,0
1807730905903814,0
1807535165923388,0
1807470635929841,0
1807394909270747,0
1804713832872188,0
1804509892892582,0
1801414833202088,0
1800270096649895,0
1800176476659257,0
1800033286673576,0
