post_id,like,love,wow,haha,sorry,anger
10158578799627259,4454,287,6,1,2,0
10158576431867259,8081,899,22,4,7,1
10158576240807259,5742,466,5,4,4,1
10158576139002259,10988,965,25,3,1,0
10158576090457259,4796,278,3,2,1,0
10158575998607259,8347,620,13,375,4,2
10158575747447259,30843,4591,73,3831,159,52
10158575433197259,37136,4422,25,24,1252,9
10158575263212259,5432,405,16,1,1,1
10158575132407259,40986,4427,62,2080,67,26
10158575051972259,2939,116,0,47,0,0
10158572865412259,5424,390,7,7,1,0
10158572416862259,20741,982,97,3548,23,10
10158572164137259,25351,3195,52,34,8,7
10158571106997259,15037,1623,52,70,20,6
10158570945167259,2670,226,4,0,0,1
10158569829807259,5862,454,4,4,0,0
10158567659537259,19748,1981,60,40,7,7
10158567619742259,13787,1546,25,594,5,1
10158563631687259,26874,2318,67,27,16,16
10158563642912259,32817,4806,94,32,5,2
10158567255572259,11540,1051,24,2,5,2
10158567150657259,6471,872,38,194,7,2
10158563691247259,18380,1727,54,12,3,6
10158558882812259,17132,1175,18,372,11,4
10158563639882259,26644,1661,31,45,115,4
10158564288807259,4732,259,6,24,3,1
10158564193677259,55101,10385,216,467,61,13
10158564117392259,13288,953,21,14,1,0
10158563805367259,4797,344,5,2,0,0
10158562883067259,57622,11369,92,129,29,3
10158562881202259,40143,4830,47,132,12,4
10158559819752259,6002,906,8,20,5,3
10158562873287259,57474,10900,175,301,65,54
10158558886372259,8063,437,17,260,0,1
10158558870257259,7701,587,9,191,0,2
10158559640842259,31412,3427,53,51,9,6
10158559586377259,24685,4375,59,25,2,41
10158559692632259,14828,933,22,6,4,1
10158558888832259,26932,4974,62,229,53,5
10158558865272259,18272,2156,39,1521,8,4
10158559622407259,15998,1467,19,20,4,2
10158558854152259,14980,1337,24,16,6,2
10158558873812259,30718,2303,64,31,13,5
10158558909797259,3217,201,3,114,0,0
10158558731392259,4055,139,5,6,1,1
10158555349207259,8834,447,13,7,0,0
10158555309282259,17749,1680,30,7,17,5
10158555379542259,32588,3558,55,24,5,5
10158555303597259,23874,2495,72,27,6,12
10158555007402259,8369,566,13,42,1,0
10158555103302259,42076,4463,101,40,4,1
10158554963682259,5774,318,8,3,0,3
10158554826817259,16517,901,26,35,4,3
253610659120379,11709,1366,43,299,62,43
10158547334147259,4319,272,3,61,1,0
10158554237027259,8845,313,46,351,13,6
10158553978282259,12558,580,18,1,5,0
10158547262267259,17042,1250,33,14,5,1
10158551037302259,8322,441,4,59,1,0
10158550830412259,54739,6606,1014,55,6,5
10158550336277259,14037,669,21,60,6,0
10158550303017259,4837,145,8,2,37,1
10158550736252259,53396,9112,144,345,45,13
10158550177722259,3694,112,5,86,0,0
10158550329382259,6300,391,9,75,5,1
10158547302817259,36992,6592,50,28,571,3
10158550066467259,6087,401,6,0,1,0
10158550000452259,36372,1371,32,204,3,3
10158546111717259,6585,621,11,12,2,0
10158547196762259,29039,2036,70,26,3,3
10158547223757259,21432,1507,41,8,2,0
10158547134982259,15906,2341,25,10,4,4
10158547107702259,13612,1865,54,11,5,2
10158547207782259,9033,605,19,84,5,1
10158547099662259,39588,3416,104,29,20,13
10158546869027259,5089,290,7,4,3,1
10158546110127259,15249,1353,31,29,151,10
10158545992232259,4230,111,8,6,0,8
10158545987022259,20983,1508,28,4,2,0
10158542878147259,8509,502,6,27,0,1
10158542657507259,53611,7949,399,112,13,23
10158542852292259,8375,475,18,13,5,0
10158542017812259,17050,1133,36,12,4,3
10158541974547259,9126,647,14,7,2,1
10158541944717259,17140,1051,35,60,6,4
10158540451377259,8848,204,32,1682,5,3
10158539893382259,24670,1937,31,16,5,0
10158539003517259,52058,7919,175,128,44,36
10158538103017259,17206,1302,44,37,4,2
10158535351322259,17198,1158,26,8,2,2
10158535370537259,10103,697,14,7,0,0
10158535098747259,36784,3035,91,28,5,13
10158534499637259,8075,318,13,23,1,3
10158534400357259,8053,1179,21,5,3,2
10158534257232259,8983,277,8,1,1,0
10158534090522259,19928,1638,34,9,2,0
10158531851917259,15496,406,1451,53,8,0
10158531283292259,16538,678,19,58,6,0
10158531205742259,4484,184,1,2,0,1
10158531369992259,12644,899,23,6,17,1
10158531336067259,15727,953,42,7,3,5
10158531094012259,18336,1411,41,20,4,6
10158530642092259,12035,771,26,7,0,2
10158530877452259,6073,352,6,13,0,1
10158530335332259,6696,358,6,1,1,1
10158530684807259,16509,1713,25,4,1,1
10158530295207259,43813,3585,69,27,6,3
10158530275257259,5348,296,2,4,0,1
10158526579782259,8417,769,16,3,0,2
10158526572492259,27543,2087,30,548,5,3
10158527465737259,90470,11794,503,1379,6,0
10158527423742259,6117,377,10,3,0,1
10158527030002259,16318,976,17,8,36,1
10158526919772259,5069,289,16,3,1,0
10158526702082259,4420,225,7,3,0,1
10158526502472259,6280,297,8,5,0,1
10158524664962259,22686,1354,60,91,3,1
10158524083897259,22025,1927,65,22,6,6
10158522884097259,19469,1257,26,16,9,0
10158523860902259,9407,305,4,5,3,0
10158524065017259,4408,265,3,4,0,0
"10158523863562259"",""10158523862877259",0,0,0,0,0,0
10158523608147259,33076,3471,115,63,30,43
10158522963877259,31474,3250,100,44,11,8
10158522873587259,4144,271,3,2,31,0
10158522959822259,22235,1865,68,21,299,23
10158522871502259,8911,465,14,5,0,0
10158520649907259,42405,5645,154,17,18,2
10158520048417259,11602,1064,32,14,63,1
10158519364592259,5739,380,4,3,81,0
10158516940632259,8735,700,7,4,155,1
10158516774027259,31622,3736,48,22,5148,10
"10158516743627259"",""10158516742877259",0,0,0,0,0,0
10158516218027259,17068,866,70,19,8752,35
10158515976052259,6100,374,10,5,1,2
10158515673517259,40265,3597,71,12,19,2
10158498239252259,5180,294,6,65,5,1
10158512020517259,5926,388,10,3,1,1
10158508325327259,41125,2517,57,28,10,15
10158508063512259,34517,2779,55,20,2,7
10158505546442259,13593,734,19,8,24,2
10158505387827259,9710,625,18,4,89,1
10158501214032259,11875,925,27,10,5,5
10158497990032259,48345,5302,114,72,582,9
10158495834327259,0,0,0,0,0,0
10158491343792259,18903,1069,26,19,3,9
10158486585832259,14301,1601,13,5,156,1
10158486588092259,41229,4007,32,20,844,1
10158484257047259,0,0,0,0,0,0
10158482739517259,7600,626,5,9,0,1
10158476465332259,17264,803,24,9,5,0
861106807647651,30279,2701,108,171,38,67
10158467671562259,3713,195,7,2,0,0
2056409331170033,1084,88,7,1,0,1
10158464138292259,8110,575,7,8,0,2
10158459788517259,52811,3870,94,536,12,36
2622648458005019,21795,2028,77,95,28,64
10158457128527259,0,0,0,0,0,0
10158456661512259,10067,830,23,1,2,0
10158456393037259,0,0,0,0,0,0
10158456120847259,6523,299,6,1,1,0
10158455793852259,32077,3111,225,176,2,0
10158452617222259,7557,237,17,1,2,0
10158448683277259,0,0,0,0,0,0
10158448330052259,4503,353,15,5,1,1
10158447942712259,28495,2758,68,11,4,2
10158441885032259,23612,2059,55,34,5,4
10158433504362259,23069,1606,63,14,2,1
561095774764114,28601,3720,97,227,41,63
10158425733042259,25847,2621,90,24,1,1
10158421229432259,0,0,0,0,0,0
10158421168622259,9203,906,18,13,4,2
10158420875267259,38732,2248,76,30,13,14
10158413229642259,6786,234,12,41,7,1
10158413083117259,7963,358,10,68,1,4
10158410091732259,11279,381,15,38,11,3
10158407770972259,0,0,0,0,0,0
10158400143392259,14825,1323,32,40,5,4
10158400394102259,65725,6440,185,83,17,23
10158398139932259,0,0,0,0,0,0
10158395002577259,7905,781,32,5,1,0
10158392002037259,63823,8053,116,48,5,10
10158391996027259,52582,5537,114,38,7,7
10158392033077259,10407,588,23,5,1,2
10158391442112259,12569,796,39,6,2,3
10158388511407259,114814,12690,570,106,5,5
10158388325207259,121663,21236,749,246,17,19
223256955523791,14848,1482,34,29,8,19
716653922489769,16882,1712,42,27,6,3
10158387355052259,18743,815,35,70,5,7
10158381421917259,21531,1531,49,12,1,0
10158381909622259,11097,325,16,6,95,1
10158381751272259,39850,2453,102,22,19,6
10158379473987259,17270,896,26,5,60,1
10158379071877259,10150,614,28,3,3,0
10158375862932259,76852,6527,98,285,4,5
10158375977212259,22766,1844,53,16,5,5
10158375387817259,12864,811,31,14,1,2
10158373696757259,69887,8828,386,199,15,25
10158373476942259,62157,7926,295,139,22,25
10158373255072259,36154,2755,116,150,40,36
549046285964346,21164,1841,43,47,9,14
10158372424222259,9541,321,14,88,27,6
10158369776052259,8638,462,16,6,3,3
10158369366232259,9903,772,19,5,1,4
10158364143627259,15338,2108,64,40,2,3
2026529537491346,8412,1717,51,9,0,0
10158364091902259,5629,151,9,43,44,198
194078225338608,9563,733,20,24,11,17
10158362948872259,26480,1354,71,179,73,306
508297143424975,12965,1071,22,42,21,20
10158360478777259,15190,476,24,110,24,14
10158360583652259,9892,556,11,33,29,24
10158359959882259,11609,214,25,22,142,11
10158359844332259,24376,1074,29,31,61,7
10158358974247259,5323,193,4,6,2,3
10158356988352259,15867,1472,27,49,7,9
10158356936342259,22247,958,39,25,5,15
10158353831732259,8089,260,10,57,32,22
"10158351414922259"",""10158351414112259",0,0,0,0,0,0
2582877131997702,16901,1732,41,74,53,30
10158347204207259,38942,3007,62,187,21,9
10158347018797259,31620,3282,93,49,9,9
10158344377417259,12160,914,29,9,1,0
10158341142232259,41650,6358,97,54,4,3
10158341050507259,33508,2899,54,109,5,8
280334662940894,13916,1154,28,18,7,15
10158339760092259,24959,1735,134,219,109,271
10158339678842259,17043,1786,67,15,2,5
671058460369950,21961,1593,55,36,8,16
10158336999192259,29346,3175,57,24,8,1
10158336959907259,19888,641,31,118,20,9
10158337389232259,16181,886,25,13,6,4
10158336860087259,133759,7290,462,313,92,137
2512057622381990,10004,1077,27,30,8,22
10158336330462259,6517,418,16,21,4,5
10158333860462259,15428,1267,22,22,4,6
10158325997607259,5449,62,5,214,198,519
10158325731332259,24675,273,50,580,1016,2295
485280868772914,18788,1264,44,76,78,153
547110579234681,16899,1877,43,56,33,48
10158321044632259,9691,536,15,11,0,6
10158314205582259,25077,2159,66,25,3,2
10158314148307259,36428,5955,78,191,12,8
10158310926802259,26809,8292,517,85,35,22
10158308965902259,23839,896,67,377,2,5
10158308892002259,17329,1315,51,10,1,7
10158305002647259,12099,971,33,9,2,3
10158305094972259,4955,166,9,2,0,1
10158304719692259,29268,1315,90,27,4,7
10158301971802259,63368,5586,216,553,41,62
10158302342382259,12955,1406,41,208,2,3
"10158302031027259"",""10158302030567259",0,0,0,0,0,0
10158292809092259,12275,596,32,13,2,4
10158292391202259,54632,4699,163,60,27,5
10158292323057259,7760,296,10,15,0,3
10158289990932259,31205,1788,207,154,102,11
10158280125427259,13818,389,18,23,6,6
10158275043732259,37471,1483,89,81,109,173
2720572721396058,17852,1029,32,32,7,50
10158274095917259,14189,811,28,24,5,18
3377186922354455,22040,1287,55,41,13,28
10158273337562259,32884,2395,71,131,42,76
10158269900237259,8310,94,19,85,59,528
10158261983417259,7660,225,13,9,2,40
1066414217030032,19510,1957,48,102,26,28
10158161961597259,7704,397,17,107,11,14
10158163681572259,7234,356,13,62,1,10
1526333200851179,14366,1758,71,45,31,51
10158148426932259,23641,1613,35,220,0,6
10158147896487259,92782,11197,385,217,17,20
10158148347007259,16075,1083,50,7,2,4
10158143241387259,136718,21528,585,246,9,16
767902550390224,15306,1821,40,57,12,11
"10158139206182259"",""10158139205767259",0,0,0,0,0,0
10158136802842259,17647,772,34,88,5,1
10158124040792259,17579,949,155,264,578,19
2565053760395508,16699,1947,36,98,58,70
10158114414072259,20020,1576,124,13,3,0
10158111818532259,14744,969,25,469,4,0
547249919157450,11065,1628,55,24,8,15
10158102237107259,0,0,0,0,0,0
10158099206077259,35072,3222,64,134,7,17
10158097767862259,0,0,0,0,0,0
2462777620612643,10847,1671,23,53,31,25
10158093424372259,20630,2744,161,49,8,12
10158092534867259,4535,273,8,73,1,1
10158089588827259,16279,1326,53,11,0,0
2398010876987766,9550,1324,35,25,5,13
10158080128287259,39467,3422,388,150,28,17
10158079720477259,0,0,0,0,0,0
2520228131588069,14282,1968,63,45,41,35
10158067027472259,5411,292,30,5,0,1
10158065222112259,2,0,0,0,0,0
450318209012253,10907,1473,29,34,8,19
10158059266932259,10971,817,41,7,5,4
10158055415202259,34242,2029,143,38,11,7
471638630137716,17118,2573,89,49,37,29
10158046247312259,20721,1613,119,48,9,5
10158046467122259,39748,2813,142,66,9,2
"10158046178492259"",""10158046172427259",0,0,0,0,0,0
1332097310285603,27826,4883,209,38,9,3
10158043006367259,121980,10923,496,449,575,97
10158034809222259,21883,1906,82,20,2,3
10158033903247259,41125,3662,324,109,16,2
10158033624717259,13053,957,53,8,2,1
10158024439982259,36670,2682,121,24,4,2
10158021094512259,6896,565,32,3,0,0
10158018461772259,35419,3178,98,24,1,2
10158012271327259,0,0,0,0,0,0
10158007254367259,30338,3130,59,140,2,2
10158005250612259,22932,2959,100,16,22,0
10158005144372259,6066,738,29,5,0,0
10157876184987259,0,0,0,0,0,0
10157874162137259,22693,2796,60,120,2,3
10157873636287259,28286,1413,104,101,85,502
759928377803616,12015,1580,63,43,11,16
10157870969397259,11208,724,44,9,7,1
10157871031202259,26285,1584,164,34,6,7
10157868563512259,11162,660,39,5,1,0
10157867364277259,15870,1058,63,12,0,1
10157867361767259,49940,5533,167,43,10,2
10157865910227259,49776,3410,745,1844,97,42
390707701602699,8826,1269,59,27,5,8
10157860198437259,0,0,0,0,0,0
1453038504851154,86792,6506,748,147,17,23
10157845987727259,13980,494,23,60,712,82
10157838481897259,13553,658,32,90,1,2
10157838144922259,13013,1194,50,12,0,1
10157833273197259,14277,774,59,10,2,0
10157832860552259,8028,502,38,7,1,0
10157832365482259,37349,2503,196,57,16,3
10157825422507259,18705,1171,73,23,3,1
10157816893422259,28887,1621,100,25,3,0
10157809173402259,0,0,0,0,0,0
10157807291377259,15156,814,66,15,1,0
10157804712702259,9531,484,75,5,0,2
10157799626777259,24134,2379,186,115,28,34
10157799583372259,23243,1973,133,39,13,18
400456963789507,10060,1258,32,33,7,12
10157794836902259,7504,433,33,14,35,1
10157794229637259,16189,830,93,172,12,3
10157794057932259,34673,2780,224,51,8,6
10157791602912259,27147,1592,73,16,4,0
10157781721777259,19202,1222,42,65,2,0
10157780868362259,14377,633,59,332,400,142
10157772370747259,36939,3694,125,29,375,3
2343547315752195,8641,1846,25,12,300,2
10157768217092259,12740,598,17,14,61,5
2401835276740195,17283,2166,49,57,20,22
10157764207877259,8723,546,22,69,7,5
10157764125217259,33468,2470,183,131,22,42
10157762366057259,68067,4099,158,114,635,23
10157754193062259,13694,1002,15,45,7,2
2267055393605322,13095,1955,51,68,35,19
10157753338437259,7893,450,14,11,49,3
"10157750042402259"",""10157750033847259",0,0,0,0,0,0
479123522646831,22254,2347,71,169,77,55
10157742234342259,38591,3773,241,149,47,20
10157740938867259,7086,305,24,6,1,1
10157732889857259,16575,975,40,9,3,0
10157729867657259,0,0,0,0,0,0
10157727412932259,52287,3192,145,35,11,2
10157727367772259,45994,1882,184,95,28,21
10157724851447259,78890,6436,906,185,22,7
10157722232737259,11845,630,51,14,4,5
10157714770727259,51801,3833,376,66,4,3
10157622312882259,12594,612,74,19,2,1
10157618860337259,14392,651,37,14,2,3
10157606233732259,11180,1079,39,8,3,0
10157605806072259,48672,6401,173,53,4,3
10157583149597259,15323,290,46,63,663,424
10157582356412259,9699,308,12,35,1,0
10157577228817259,24793,706,48,79,2,2
10157572591497259,0,0,0,0,0,0
10157568856932259,12029,390,21,74,20,4
10157565319012259,10309,397,59,13,2,6
10157562673627259,9914,316,23,5,84,1
10157551931522259,22206,1666,52,96,475,5
10157551789877259,10058,458,15,23,2,0
10157546564632259,162273,22978,953,493,83,92
10157546501022259,157311,29347,821,316,66,68
10157545707617259,20559,2449,62,97,8,9
10157541259412259,17712,1319,61,42,7,5
10157541837892259,0,0,0,0,0,0
10157530754977259,15906,773,35,75,0,1
10157522997417259,15262,743,39,44,1,1
10157522597217259,33509,3499,47,24,881,3
10157520610397259,12364,595,57,12,4,1
10157514537157259,79854,5650,620,2032,70,28
10157511743637259,14454,461,22,73,1,0
10157505912197259,0,0,0,0,0,0
10157505704892259,8067,309,30,29,3,76
10157504732597259,20644,2171,234,34,15,4
10157504635347259,43899,1672,164,69,6,12
10157487409192259,13827,440,44,167,1135,210
1137010753148238,11653,2153,50,80,28,23
10157479806562259,40375,2750,153,460,5,10
10157477934237259,19380,741,80,18,1,1
10157476451132259,8067,450,119,7,1,1
10157364710877259,10463,451,53,10,2,1
10157348383512259,17577,1009,69,33,2,4
10157348177522259,13483,1272,115,34,1,4
"10157342512292259"",""10157342511957259",0,0,0,0,0,0
10157339921667259,19019,1030,64,495,359,1560
"10157339329047259"",""10157339328462259",0,0,0,0,0,0
376993136469231,7911,1107,47,32,7,11
10157330563877259,8302,232,14,75,6,10
10157330055172259,55268,1686,311,57,9,8
10157329990877259,11541,482,41,8,0,1
10157325837812259,35209,3203,168,1745,11,81
"10157325558442259"",""10157325558097259",0,0,0,0,0,0
10157323729092259,8782,673,35,235,1,6
10157323137562259,6424,434,25,63,2,94
10157322883272259,3042,122,6,6,1,1
10157322857477259,6573,378,14,39,1,2
"10157316009427259"",""10157316009027259",0,0,0,0,0,0
10157315222127259,0,0,0,0,0,0
689321208149604,6748,949,20,52,8,15
10157306001777259,11289,847,34,144,20,28
288479798510337,10754,2475,64,106,23,30
10157294747417259,6597,123,9,52,21,184
10157294181257259,6825,154,15,15,16,93
10157284140232259,11894,258,54,16,0,4
10157282426152259,17870,305,40,20,2,6
10157282037912259,8017,223,11,49,1,7
10157279679472259,14070,831,44,145,11,22
10157254819782259,10883,489,40,18,0,1
"10157250654637259"",""10157250654377259",0,0,0,0,0,0
2017369611896681,9831,1460,43,54,10,7
356626708454178,6232,433,15,57,1,3
1056770237849263,6576,808,27,36,3,10
10157126993857259,0,0,0,0,0,0
10157112937642259,0,0,0,0,0,0
258265014841332,14820,3260,100,143,13,19
1074669092694705,6846,529,16,73,21,39
2315718475107310,7734,982,52,29,5,6
10157083289892259,0,0,0,0,0,0
"10157080485252259"",""10157080484827259",0,0,0,0,0,0
2511602948855926,8170,1346,37,70,6,13
"10157033719312259"",""10157033719152259",0,0,0,0,0,0
"10157029347152259"",""10157029347022259",0,0,0,0,0,0
1946697875409862,11515,619,194,44,2,1
301180277161589,11738,596,44,13,0,1
191850768381170,11317,1519,45,59,8,14
164031801194135,19237,1253,110,33,3,5
291511988356935,30325,1518,71,107,7,8
2293658077520099,7376,464,19,42,1,1
534410863670605,13242,2136,55,85,9,13
979800435554014,215659,41758,12701,799,83,90
243158976373583,12265,852,28,19,54,3
693801267663922,32612,1184,63,1040,8,8
1187467031392237,29505,2070,62,153,10,6
1883590038615737,31685,2704,231,41,3,5
573318280113020,28028,2455,81,283,5,5
1888949717852081,15823,2873,67,99,15,13
566428997127488,24775,1278,43,19,4,2
542252699560849,31322,1470,167,101,13,17
298703040860668,21869,1057,114,77,10,19
1872462126180870,22339,828,29,41,2,3
228267001373448,24351,1260,77,33,2,5
278042989686920,38632,2445,154,2071,3,8
325275671369192,16497,1113,66,23,0,2
"10156871471287259"",""10156871471202259",0,0,0,0,0,0
276071339880349,31151,2639,149,14,16,8
984399761739843,17100,1213,46,73,7,6
1852537984832658,74141,3972,236,393,43,39
262663211021643,13079,497,57,18,1,2
668350070216898,30689,1227,76,117,381,24
297867710999167,90681,2315,537,301,32,45
2165888773734884,19780,988,73,37,8,10
1790226034429047,12210,1539,34,80,11,15
537915519974299,41934,2248,125,199,8,17
1993446624280825,94061,6791,607,185,42,89
439856399838534,28998,1728,45,191,4,6
"10156834257977259"",""10156834257632259",0,0,0,0,0,0
245587899617037,23041,1047,213,27,3,3
265712657376306,79226,5357,662,85,27,13
220478678646125,15521,856,63,13,0,2
282052255922198,26186,1928,61,85,7,9
"10156821541677259"",""10156821541622259",0,0,0,0,0,0
10156813914507259,7514,515,55,24,1,0
10156813931752259,46884,6173,105,2931,23,15
10156813535632259,14690,943,190,23,2,4
10156811207962259,14445,2533,157,127,49,90
10156810120292259,46076,3831,162,66,4,15
10156784851277259,26544,1091,56,109,5,6
10156776902297259,25583,1609,89,15,3,6
2265359893488413,20929,1333,82,9,7,4
10156771911737259,47352,2936,350,210,114,581
10156762171247259,30535,1859,363,59,4,6
10156754113642259,20431,1403,51,128,19,6
10156751432297259,20870,668,50,81,2,3
10156748937207259,16892,728,58,19,6,7
10156686379997259,4970,222,27,3,1,0
2206340066057063,13090,980,29,60,2,2
2204204492937287,7477,297,48,6,0,2
10156680472402259,41059,6996,117,24,21,1
10156673602097259,7466,238,3,176,1,5
10156672771597259,14344,889,29,5,3,3
10156665280757259,15737,951,29,510,3,7
10156664753097259,21324,4256,102,17,30,7
10156664848457259,12862,467,42,21,4,8
1405672546243718,4827,193,22,5,0,1
10156662566357259,7570,249,24,5,2,1
10156662299902259,6356,214,27,10,1,2
10156657691497259,17280,792,44,67,1,5
1400864863391153,10351,352,26,17,2,3
10156642021267259,30492,3952,147,45,10,3
10156639792592259,27929,2471,558,41,5,5
10156636924867259,18188,691,28,1554,5,3
10156636376542259,17175,1222,163,46,9,5
10156624359787259,17595,2341,142,446,31,62
10156610279602259,28022,1903,123,37,4,5
10156608169497259,114262,7879,316,1042,47,87
10156603024782259,23056,1287,79,31,5,6
10156602846637259,15381,1000,45,22,3,3
10156602698152259,32682,6102,294,277,69,123
10156602182767259,27076,2010,45,64,9,7
10156602102377259,25492,1345,54,149,7,12
10156599432332259,6813,798,23,69,10,28
10156587584572259,3283,111,3,26,8,23
10156586967537259,11607,574,15,67,12,17
10156584456547259,22854,2073,157,45,30,53
10156582248252259,10620,641,53,15,1,2
10156580728332259,76726,5781,418,153,10,19
10156577021432259,7865,333,9,118,3,1
10156579638057259,6080,173,13,13,5,27
1379622972182009,54709,3232,680,112,8,14
10156571955177259,41363,1548,140,342,9,12
10156570653887259,11209,485,15,19,1,0
10156569198697259,17386,3108,80,149,15,28
10156567815737259,13987,803,48,32,0,4
10156566071032259,63950,4095,170,322,58,64
10156563024822259,20330,1490,69,14,4,7
10156557499827259,16451,1059,148,48,1,2
10156546838377259,24943,844,36,93,9,18
10156543750797259,167500,10441,670,17498,1667,635
10156543577737259,6383,1016,29,44,13,12
10156539457232259,28695,1516,186,63,16,4
10156536573902259,230257,27253,1279,6410,619,388
10156531246737259,10410,421,45,8,1,2
10156530601682259,42191,3769,65,136,13,9
10155240670181502,37275,2206,264,48,4,8
10156526252922259,5987,923,25,48,9,19
10156521765112259,13842,835,104,13,2,0
10156521236997259,21001,1001,116,34,2,4
10156518998542259,28248,1817,458,30,23,4
"10156514967122259"",""10156514965297259",0,0,0,0,0,0
10156510120337259,5721,151,4,15,0,0
10156499220597259,5788,280,20,11,2,3
10156449929767259,6505,267,43,19,0,1
10156444716137259,6322,296,13,47,0,2
10156438400722259,10983,476,58,13,2,1
10156438038242259,13423,855,49,20,1,1
10156435583552259,6690,342,18,18,1,4
10156434654532259,10318,544,42,24,2,6
10156432067747259,23246,893,56,184,6,14
10156423370252259,4402,324,14,17,8,7
10156421661012259,35764,2992,270,234,59,32
10156420709122259,11047,609,21,68,4,4
"10156420679462259"",""10156420679357259",0,0,0,0,0,0
10156419130447259,12283,734,15,572,2,1
10156413354122259,40362,5600,220,77,50,6
10156409509182259,5539,210,27,11,3,2
10156408543337259,28224,1607,120,38,2,3
10156408256722259,9111,617,29,7,0,2
10156406242192259,6339,261,36,11,3,1
10156405748157259,7990,1568,74,98,44,152
1334985939979046,7730,352,39,9,1,0
10156392862767259,12317,610,27,52,4,12
10156386997772259,125289,10296,667,1931,170,95
10156384318822259,9966,402,38,87,2,2
1329608593850114,7609,304,33,19,1,1
10156374504052259,18774,991,85,68,13,7
10156369211222259,9261,143,23,342,578,90
10156360165822259,23731,1479,241,62,10,8
10156359282042259,11234,646,53,12,4,2
10156347616232259,14971,692,22,499,39,21
10155091643351502,45340,2913,391,71,8,6
10156338610962259,15080,724,72,20,6,1
10156338152457259,11949,551,39,9,0,0
10156335390147259,23516,1092,158,38,11,4
10156334870777259,10364,442,41,15,0,3
10156330458372259,14484,2512,82,135,18,29
10156328625027259,15415,963,72,324,3,5
10156328260072259,11841,660,20,86,13,9
10156323099707259,13112,480,38,83,5,14
10156320359472259,7741,248,47,19,1,2
10156317598297259,7452,219,30,3,2,3
10156317339242259,16202,1408,41,230,4,2
10156314105262259,17814,1188,364,40,4,9
10156302420092259,15234,751,88,29,5,7
10156291720802259,30295,2008,277,74,17,24
10156287575877259,27605,2079,210,45,2,3
10155046457456502,88868,5851,873,106,16,12
10156284473077259,7994,764,31,39,7,5
10156197395417259,13104,616,36,8,1,2
10156192291197259,30355,2557,152,17,0,3
10156182373267259,29227,2767,330,46,14,13
10156179265147259,12574,535,20,83,5,5
10156176494387259,18042,1017,216,16,2,3
10156175742122259,15761,941,22,4,3,3
10156169783067259,30076,2399,130,26,1,3
10156167403332259,15757,1035,47,5,5,0
10156165613957259,26094,2397,85,28,6,2
10156161840837259,18052,872,59,26,0,2
10156158704797259,10329,488,35,5,2,1
10156156874382259,10610,513,13,178,2,2
10156146899247259,9617,396,28,6,1,7
10156144565537259,14153,677,58,8,4,1
10156144596917259,14383,609,48,18,1,7
10156144100897259,297220,34902,1556,11791,624,728
10156138126772259,11069,2003,81,100,26,57
10156136375442259,22868,1389,104,18,10,4
10156133343912259,28689,1017,133,51,7,5
10156130346792259,8601,315,38,8,0,1
10156127669007259,13269,731,48,10,1,5
10156121507497259,9695,439,32,5,0,0
10156115485397259,12510,462,64,20,0,2
10156112356802259,9795,363,32,4,1,1
10156110526537259,14263,2562,82,127,10,21
10156110056932259,10448,623,21,15,0,0
10156109964072259,12699,464,24,14,1,0
10156100997277259,34506,2858,390,23,1,4
10156098381157259,14549,633,47,12,1,4
10156098250187259,15548,672,43,18,1,4
10156097302042259,24938,1384,98,41,6,15
10156089284047259,13238,600,44,16,1,3
10155930710307259,78140,6830,494,155,7,26
10155930187412259,25774,1434,44,242,2,6
10155923239237259,21444,1357,36,300,3,6
10155892841082259,23029,1383,45,189,1,7
10155884185672259,40369,2606,733,219,6,9
10155883833362259,22167,1023,46,14,0,1
10155878239157259,40039,2357,59,1652,5,8
10155872501532259,51260,3400,207,53,3,10
10155861424432259,28518,1283,190,30,2,2
10155858168277259,41699,2462,409,35,2,5
10155850274292259,35963,1895,141,67,13,14
10155846737592259,26309,1285,37,155,12,35
10155832002962259,25505,1051,61,77,4,4
10155822454902259,48640,3221,562,60,2,11
10155821696842259,21671,868,253,29,3,2
10155813841502259,85540,8107,170,456,18,50
10155806311197259,21721,1125,93,22,2,0
10155800780067259,26978,1850,373,36,8,0
10155797263462259,61100,3904,159,282,36,12
10155795439182259,18919,572,20,65,23,3
10155787775227259,17892,849,27,65,23,17
10155626421607259,24591,637,139,959,2,2
10155619291987259,24891,1142,122,38,0,1
10155612610502259,31312,1953,52,116,2,7
10155607427422259,10620,440,42,9,0,0
10155601080742259,15916,649,53,11,1,2
10155595154377259,36544,1900,540,133,4,4
10155592199812259,22699,1475,73,27,3,6
10155587673512259,19109,729,94,21,1,8
10155585547537259,11191,443,12,23,2,0
10155585346937259,40495,5325,192,14,54,5
10155579915737259,16181,1098,103,19,2,2
10155576392872259,18674,443,18,830,2,0
10155573102477259,16507,736,49,29,4,7
10155562930422259,15133,697,114,10,7,3
10155561876387259,14375,502,14,62,0,2
10155555766167259,8173,252,7,82,1,3
10155543788852259,11238,538,40,13,2,1
10155539821432259,20902,907,115,17,4,2
10155536766447259,36815,1489,59,28,1109,12
10155533114062259,37536,3345,92,904,2,5
10155529241112259,4199,251,9,4,4,1
10155526752207259,19901,2989,116,144,55,59
10155523689512259,22233,1976,139,643,2,10
10155516053402259,19302,972,62,471,0,2
10155513740382259,28946,1957,63,1026,2,3
10155513398142259,13953,710,40,7,1,1
10155512976602259,21101,1070,14,11,1619,9
10155507141242259,59522,6218,109,1137,10,2
10155503528077259,32763,649,8681,15564,83,26
10155500022677259,62587,10305,340,101,47,36
10155499534407259,28308,2423,130,59,3,2
10155491226267259,17585,980,22,22,1,2
10155491141437259,22128,1458,66,23,2,0
10155488044682259,20575,1708,58,16,3,3
10155474432137259,15723,1959,38,35,1,1
10155472577587259,226242,20950,443,10189,42,66
10155472421637259,145697,22602,336,291,36,78
10155472351242259,224095,39853,931,778,122,310
10155471878792259,18806,992,26,21,0,5
10155471620407259,17084,1001,31,17,2,0
10155468389947259,12620,465,112,11,0,1
10155462702647259,22004,1323,105,12,1,0
10155462195092259,37940,3163,143,58,3,1
10155461759267259,13217,632,30,8,1,0
10155461532932259,27208,2166,110,11,10,1
10155460573662259,89439,7902,532,87,50,23
10155319387237259,47011,1617,21,3604,7,5
10155319362842259,15626,433,15,373,2,3
10155319296497259,28834,1683,50,1038,0,2
10155317402637259,55702,3677,458,67,7,4
10155316280742259,22806,1071,45,22,2,2
10155316618972259,48945,2921,487,67,3,2
10155314869417259,15530,539,37,12,0,4
10155307707252259,23151,1009,18,1154,3,4
10155295379282259,22760,1169,20,495,1,0
10155292317017259,19088,528,19,653,0,1
10155283877937259,37881,1940,29,244,1,9
10155268208152259,36219,1816,390,51,6,3
10155263947302259,16337,592,134,23,0,1
10155253013572259,22827,1126,54,1130,1,3
10155251047117259,30698,884,48,857,3,3
10155246850602259,18373,401,256,19,0,1
10155241368117259,22457,729,149,37,3,0
10155241008977259,24274,932,55,18,2,5
10155235817182259,42632,2121,194,47,9,5
10155230508707259,23533,818,43,12,1,2
10155228696722259,16991,494,85,9,0,1
10155224657132259,19268,915,38,112,3,0
10155222482567259,16061,475,29,207,1,3
10155211551442259,13719,368,21,5,1,2
10155207114112259,27315,1055,33,205,0,3
10155203825502259,38253,1605,275,54,4,3
10155198967697259,23722,822,77,217,1,3
10155193633207259,17002,358,13,5,129,21
10155186706022259,52810,2577,71,1206,2,7
10155186526997259,26178,3813,179,405,36,76
10155183674517259,29618,1193,57,112,2,2
10155174189802259,92686,5818,1657,575,13,40
10155055060647259,33144,1437,27,72,4,4
10155053893022259,35670,1539,39,185,4,3
10155050427862259,18296,504,20,29,1,1
10155049543857259,31148,2056,52,212,8,1
10155036207387259,128242,6742,550,171,10,47
10155027423682259,15925,394,18,113,1,0
10155027001692259,49492,1172,246,922,6,6
10155024425922259,83904,3925,852,290,26,25
10155018518112259,38609,1663,143,29,3,6
10155015294902259,21108,517,8,232,2,3
10155014306767259,66859,2058,379,2973,7,16
10155012393752259,25494,824,46,32,4,2
10155011945592259,34353,1664,113,44,3,6
10155005630217259,35092,947,79,26,3,3
10155005572542259,33173,994,45,15,7,1
10155003507812259,14913,383,35,9,2,5
10155002443397259,32499,1105,47,466,1,1
10154996503362259,21919,685,27,170,1,2
10154996419287259,25757,717,22,57,1,3
10154995442517259,40771,1287,232,78,1,1
10154991238477259,28537,1211,225,38,3,2
10154978280312259,18940,370,15,606,3,2
10154982877962259,92729,7663,475,83,75,10
10154982572447259,137168,9109,363,426,9,53
10154981788877259,30720,963,59,16,1,3
10154981657057259,44579,1549,82,31,4,13
10154981197222259,50836,3880,228,66,2,19
10154977418997259,16664,412,31,21,2,2
10154977150362259,56843,2564,534,86,2,9
10154975117072259,27923,4189,159,424,36,83
10154974665267259,29638,1091,45,94,3,6
10154961792982259,56406,3011,231,115,8,8
10154959105752259,24984,1016,158,16,2,2
10154955559737259,72576,3456,711,113,9,12
10154947970592259,27554,890,81,9,0,2
10154945340192259,19848,536,125,27,3,4
10154945328272259,42323,1319,183,69,15,8
10154943049077259,53874,2966,616,67,6,3
10154942863757259,53994,2839,594,84,5,6
10154942032547259,21713,443,32,12,43,1
10154937055412259,34750,1016,367,41,9,4
10154936892227259,28404,872,123,44,7,2
10154934279867259,39401,1178,428,49,6,5
10154930472882259,16211,322,16,40,2,1
10154928709277259,58080,2676,75,278,5,8
10154928033577259,30181,957,60,26,2,2
10154927115642259,47695,2985,279,71,8,12
10154927093737259,16321,485,14,90,1,0
10154925300417259,16410,383,32,11,2,3
10154924455337259,28205,847,158,21,3,0
10154918774912259,39973,1117,793,126,6,2
10154916867227259,17587,446,19,238,1,2
10154913701377259,29224,524,90,21,5,6
10154910984792259,86983,4270,326,119,9,26
10154909556202259,51513,1710,305,601,1,8
10154906396767259,39826,1657,207,34,17,6
10154904053702259,47809,2347,82,445,5,4
10154904021772259,110465,6120,1013,127,5,22
10154903677887259,53608,2976,217,48,3,5
10154900643842259,38958,1097,623,43,4,4
10154884603702259,43402,2723,58,280,5,1
10154881363497259,115541,6462,883,2330,57,203
10154875217397259,36724,1611,165,96,9,5
10154875024087259,12975,335,10,30,0,0
10154726667397259,13937,271,20,74,4,14
10154717448367259,26356,656,151,19,1,1
"10154714808132259"",""10154714797187259",0,0,0,0,0,0
10154714622152259,22808,965,50,21,2,2
10154712815477259,23590,718,33,13,1,4
"10154706529302259"",""10154706525437259",0,0,0,0,0,0
10154706202382259,18944,383,19,80,3,6
10154699562412259,22125,662,283,39,1,5
10154697435867259,18872,688,20,44,1,7
10154696628712259,40165,1326,634,32,0,2
10154689459487259,6274,149,5,65,0,0
10154685656662259,5991,176,5,3,0,2
10154685354112259,11480,282,54,6,0,1
10154676449047259,12351,296,20,28,0,0
10154653606682259,15657,290,131,16,1,1
10154651977762259,19882,1015,55,117,14,47
10154651245077259,19302,540,83,22,7,3
"10154641354252259"",""10154641335022259",0,0,0,0,0,0
10154634431562259,7496,191,8,4,0,0
10154631877322259,6095,159,6,1,1,0
"10154628506502259"",""10154628506402259",0,0,0,0,0,0
10154625363187259,6164,95,2,3,1,0
"10154619730782259"",""10154619730622259",0,0,0,0,0,0
10154616423032259,15975,824,41,56,0,4
10154615225802259,11374,281,24,10,2,2
10154612361287259,13417,298,66,20,0,3
10154609855017259,13393,468,38,6,5,1
"10154604049917259"",""10154604049177259",0,0,0,0,0,0
10154603823522259,13546,313,29,4,3,0
10154601939147259,15094,824,23,62,2,4
10154601142882259,10040,361,29,6,0,0
10154600752432259,3730,112,12,4,1,2
10154464900967259,17516,432,94,17,1,3
"10154464533562259"",""10154464533112259",0,0,0,0,0,0
10154459058602259,9274,257,65,13,1,0
10154432513502259,8660,165,138,11,0,1
10154432088797259,18252,421,162,23,11,2
10154431067847259,8282,196,115,5,0,1
10154429953347259,2923,45,13,0,0,0
10154428107057259,11913,380,71,9,1,0
10154422537317259,10188,169,12,35,3,1
10154419372617259,6916,157,54,4,1,0
10154416959607259,9706,161,101,12,0,1
10154414145462259,11361,190,36,5,0,1
10154411499917259,4655,111,31,2,1,0
10154385505772259,10954,187,9,307,5,1
10154366463077259,27378,1879,75,29,38,7
10154365857247259,12768,537,18,12,17,36
"10154359677977259"",""10154359677757259",0,0,0,0,0,0
"10154354366132259"",""10154354365907259",0,0,0,0,0,0
"10154350522052259"",""10154350521842259",0,0,0,0,0,0
10154349674152259,20504,392,18,15,173,5
10154348538712259,3156,55,7,1,0,0
10154343180602259,15131,485,83,37,16,2
"10154341527292259"",""10154341526182259",0,0,0,0,0,0
"10154331387177259"",""10154331386827259",0,0,0,0,0,0
10154325847152259,24868,587,144,34,4,3
10154319112107259,12665,454,27,20,82,4
10154317064052259,8046,345,6,11,5,0
"10154316901397259"",""10154316901252259",0,0,0,0,0,0
10154314528342259,2373,34,2,3,0,0
10154314127032259,11241,158,44,6,2,0
10154310111507259,8598,236,25,10,0,2
10154309765982259,9681,238,46,6,6,0
"10154309559687259"",""10154309559572259",0,0,0,0,0,0
10154305235967259,3160,74,5,7,0,2
10154305093167259,3517,46,1,7,1,2
10154302559397259,4395,57,16,3,1,0
"10154198939962259"",""10154198939862259",0,0,0,0,0,0
10154192308732259,5115,94,14,3,0,3
10154186114532259,3350,53,9,1,1,1
10154168454422259,4173,31,3,14,8,10
"10154166630392259"",""10154166620142259",0,0,0,0,0,0
10154162104442259,5351,99,12,8,3,3
10154156087702259,10199,308,145,7,0,1
"10154152708852259"",""10154152708692259",0,0,0,0,0,0
10154149790127259,4726,79,2,13,0,1
10154149317522259,44536,1044,217,81,16,30
10154146839112259,12459,237,62,27,1,1
"10154129417477259"",""10154129417407259",0,0,0,0,0,0
10154127736197259,5773,108,22,5,1,5
10154127640407259,4915,94,11,3,0,1
10154126706147259,16538,283,95,35,5,3
10154124866447259,11027,140,77,27,1,3
10154123350242259,7691,162,21,12,1,3
"10154122817492259"",""10154122816892259",0,0,0,0,0,0
10154119868537259,3918,142,16,10,0,2
10154119800642259,5262,146,27,5,0,3
10154117555352259,7144,212,45,19,3,2
10154117211772259,11533,428,269,54,7,10
"10154108502457259"",""10154108502112259",0,0,0,0,0,0
10154106334327259,11319,18,5,9,0,1
10154105364522259,8801,3,1,1,0,0
10154101093127259,18373,9,2,4,0,0
10154102864587259,10078,2,0,1,0,0
10154101121347259,9731,8,1,1,0,0
10154100641237259,27855,33,2,10,2,0
10154099168567259,6701,2,2,0,0,0
"10154096706832259"",""10154096706812259",0,0,0,0,0,0
10154094818812259,9339,12,0,0,0,0
10154094764892259,4961,2,0,0,0,0
10154094307697259,12395,12,0,1,0,0
"10154090100667259"",""10154090100257259",0,0,0,0,0,0
10154089142102259,14514,1,0,2,0,0
10154085172962259,14745,11,1,0,0,0
10154080935187259,10595,3,1,0,0,0
10153983507032259,6203,0,0,0,0,0
10153983149872259,16614,1,2,0,0,0
"10153981364472259"",""10153981360237259",0,0,0,0,0,0
10153979309157259,9159,1,0,0,0,0
10153975823317259,26875,12,10,1,0,0
"10153975661262259"",""10153975659682259",0,0,0,0,0,0
10153972523697259,40322,11,11,1,0,0
10153970938927259,47741,14,6,1,0,1
10153967793312259,27147,49,0,13,1,0
10153966022837259,26808,2,0,0,0,0
10153965752827259,13147,1,0,0,0,0
10153963999962259,29790,2,0,0,0,12
"10153960987112259"",""10153960960482259",0,0,0,0,0,0
10153950055397259,17584,0,2,1,12,36
10153948937812259,107702,72,48,3,1,0
10153946783412259,20165,0,2,2,0,0
10153944646662259,5967,0,0,0,0,0
10153943209307259,15157,1,0,0,0,1
10153943159687259,10467,1,0,0,0,0
"10153944750332259"",""10153944747347259",0,0,0,0,0,0
10153942076017259,29433,2,2,0,0,0
10153940174887259,20920,6,0,3,0,0
10153939982242259,19904,5,1,0,0,1
10153937938882259,20277,3,1,1,0,3
10153936625832259,5692,1,0,0,0,0
10153936219117259,15975,0,0,0,0,0
"10153934907937259"",""10153934884687259",0,0,0,0,0,0
10153932394302259,13159,1,0,0,0,0
10153932136542259,13764,0,0,0,0,0
10153931920767259,53981,16,1,2,2,12
10153931712412259,0,0,0,0,0,0
10153930082907259,7617,1,0,0,0,0
10153928121347259,66789,62,1,1,0,1
10153923888127259,17159,5,0,0,0,1
10153923764442259,15102,1,0,0,0,0
"10153927983002259"",""10153927977917259",0,0,0,0,0,0
10153923197522259,17726,1,2,0,0,0
10153921191872259,28930,6,0,1,0,1
10153921009147259,0,0,0,0,0,0
10153919057687259,60780,13,8,1,0,1
10153917973422259,20508,1,1,1,0,0
10153915339737259,19381,0,0,0,0,0
"10153913543567259"",""10153913541702259",0,0,0,0,0,0
10153911473567259,22819,1,0,0,0,0
10153911226457259,13045,1,0,0,0,0
10153910962522259,23775,6,11,0,0,0
10153909267302259,8145,0,0,0,0,0
10153907357757259,17097,0,0,0,0,0
10153907208142259,11965,1,0,0,0,0
10153906078867259,59735,10,6,2,1,1
10153905495582259,23470,1,0,0,0,0
"10153903530767259"",""10153903528042259",0,0,0,0,0,0
10153903266907259,54786,29,20,3,1,1
10153901962787259,28967,15,2,1,1,1
10153901809937259,0,0,0,0,0,0
10153901553067259,14410,4,0,0,0,0
10153901138982259,4462,0,0,0,0,1
10153900786917259,9582,4,0,0,0,0
"10153898952302259"",""10153898945847259",0,0,0,0,0,0
10153894921352259,0,0,0,0,0,0
10153893337362259,23702,5,1,1,2,3
10153891710747259,14308,1,1,1,0,0
10153891087327259,5108,0,0,0,0,0
10153887991107259,27303,10,18,1,0,0
10153887457652259,0,0,0,0,0,0
10153878863862259,7073,0,0,0,0,0
10153876842157259,35989,3,6,0,0,0
"10153873472467259"",""10153873460082259",0,0,0,0,0,0
10153871805437259,42317,6,6,0,0,1
10153869934727259,16718,3,1,0,0,0
10153869856392259,15045,0,0,0,0,0
10153869336942259,0,0,0,0,0,0
10153867669227259,55269,18,20,1,4,1
"10153865746062259"",""10153865743252259",0,0,0,0,0,0
10153865378807259,24895,1,1,1,0,0
10153864423032259,38825,9,1,2,0,1
"10153790561287259"",""10153790557077259",0,0,0,0,0,0
10153788659342259,42489,0,0,0,0,0
10153788332142259,19722,0,0,0,0,0
"10153784480182259"",""10153784471707259",0,0,0,0,0,0
"10153775053292259"",""10153775040612259",0,0,0,0,0,0
10153765987677259,176262,1,0,0,0,0
10153765745857259,23285,0,0,0,0,0
"10153767684027259"",""10153767675677259",0,0,0,0,0,0
10153760549517259,5424,0,0,0,0,0
"10153758678172259"",""10153758637772259",0,0,0,0,0,0
10153753591112259,12328,0,0,0,0,0
"10153758678162259"",""10153758637772259",0,0,0,0,0,0
10153749165267259,41799,8,0,0,0,0
10153746500177259,7826,0,0,0,0,0
10153746164972259,73253,24,10,0,0,0
10153743942197259,19996,1,0,0,0,0
10153739545427259,6180,0,0,0,0,0
10153733310922259,17988,0,0,0,0,0
10153721206902259,0,0,0,0,0,0
"10153721288277259"",""10153721284932259",0,0,0,0,0,0
10153711319697259,11483,0,0,0,0,0
"10153705237082259"",""10153705220782259",0,0,0,0,0,0
10153701967567259,26966,0,0,0,0,0
10153701842282259,19830,0,0,0,0,0
10153701733232259,13729,0,0,0,0,0
10153695484402259,73042,1,0,0,1,0
10153694890017259,30161,0,0,0,0,0
10153692627417259,46671,2,0,0,0,0
10153691935542259,13023,1,0,0,0,0
10153687059527259,14150,0,0,1,0,0
10153684838002259,19469,0,0,0,0,0
10153684574472259,10780,0,0,0,0,0
"10153687637072259"",""10153687632897259",0,0,0,0,0,0
10153681983412259,24604,0,0,0,0,0
10153677826457259,6250,0,0,0,0,0
10153675054787259,43680,0,0,0,0,0
10153670870792259,10397,0,0,0,0,0
10153667899772259,15866,1,0,0,0,0
10153562088922259,17021,0,0,0,0,0
10153554685972259,21777,0,0,0,0,0
10153544549512259,56794,1,1,0,0,0
10153544022582259,45686,2,0,0,0,0
10153538186187259,24202,0,0,0,0,0
10153537940307259,12697,0,0,0,0,0
10153534731397259,35752,0,0,0,0,0
10153528746207259,30726,1,0,0,0,0
10153525931742259,33904,1,0,0,0,0
10153523309422259,42964,1,0,0,0,0
10153519590507259,9181,0,0,0,0,0
10153517326532259,38189,0,0,0,0,0
10153504599932259,0,0,0,0,0,0
10153503100937259,37890,0,1,0,0,0
10153502882312259,12317,0,0,0,0,0
10153500600342259,36611,1,0,0,0,0
"10153500563712259"",""10153500561232259",0,0,0,0,0,0
10153497587002259,13989,0,0,0,0,0
"10153496832832259"",""10153496827807259",0,0,0,0,0,0
10153496668802259,18636,0,0,0,0,0
10153496570377259,27365,0,0,0,0,0
10153494799367259,19772,0,0,0,0,0
"10153494738682259"",""10153494719127259",0,0,0,0,0,0
"10153494738957259"",""10153494719127259",0,0,0,0,0,0
10153487031577259,17038,0,0,0,0,0
10153479755602259,18246,0,0,0,0,0
10153477411812259,33853,2,0,0,0,0
10153470014652259,109369,15,2,0,1,0
10153467654347259,21883,2,0,0,0,0
10153462496882259,31297,0,0,0,0,0
10153460757862259,67742,3,0,0,0,0
10153456677942259,0,0,0,0,0,0
10153452584207259,23819,1,0,0,0,0
10153444329182259,25438,0,0,0,0,0
10153437694987259,17209,0,0,0,0,0
10153434313222259,98490,34,1,0,0,0
10153433298117259,17267,0,0,0,0,0
"10153433775702259"",""10153433770742259",0,0,0,0,0,0
10153431639732259,10411,0,0,0,0,0
10153418481522259,22713,0,0,0,0,0
10153414859822259,27326,1,0,0,0,0
10153414533132259,60827,19,1,0,0,0
10153414409412259,73351,2,0,4,0,0
10153412076287259,100837,0,0,0,0,0
"10153416533177259"",""10153416525442259",0,0,0,0,0,0
10153409679602259,17334,0,0,0,0,0
10153409560412259,164211,1,0,0,0,0
10153409477247259,41780,0,0,0,0,0
10153404238617259,32215,0,0,0,0,0
10153402485417259,53609,3,0,0,0,0
10153400963567259,47936,1,0,0,0,0
10153398071672259,0,0,0,0,0,0
"10153404612427259"",""10153404602942259",0,0,0,0,0,0
10153397256972259,20646,0,0,0,0,0
10153395833807259,19168,0,0,0,0,0
10153393852172259,37563,8,0,0,0,0
10153393643372259,22750,1,0,0,0,0
10153392039992259,25533,1,0,0,0,0
10153388981217259,29603,0,0,0,0,0
"10153391506927259"",""10153391497412259",0,0,0,0,0,0
10153386261852259,16278,0,0,0,0,0
10153303212937259,36995,0,0,0,0,0
10153302564387259,0,0,0,0,0,0
10153296724672259,19735,0,0,0,0,0
10153293768777259,16166,0,0,0,0,0
10153291746277259,0,0,0,0,0,0
10153290779652259,19825,0,0,0,0,0
"10153294379522259"",""10153294359412259",0,0,0,0,0,0
10153288310982259,18990,0,0,0,0,0
10153283314607259,26715,0,0,0,0,0
10153275925107259,19941,0,0,0,0,0
"10153276416122259"",""10153276339652259",0,0,0,0,0,0
10153272509327259,58274,6,0,0,0,0
10153270090617259,0,0,0,0,0,0
10153269811152259,16640,0,0,0,0,0
10153264594682259,27110,0,0,0,0,0
10153261705412259,20672,0,0,0,0,0
"10153264883902259"",""10153264864967259",0,0,0,0,0,0
"10153256817062259"",""10153256793712259",0,0,0,0,0,0
10153246762142259,32563,0,0,0,0,0
10153246264912259,21987,0,0,0,0,0
"10153246456237259"",""10153246447177259",0,0,0,0,0,0
10153243856327259,24543,0,0,0,0,0
10153239249627259,0,0,0,0,0,0
10153239110672259,50202,3,0,0,0,0
10153237768167259,53405,1,0,0,0,0
10153236343317259,18650,0,0,0,0,0
"10153238946272259"",""10153238937057259",0,0,0,0,0,0
10153234550477259,144000,20,9,1,0,0
10153234326617259,72915,2,0,0,0,0
10153233836582259,26042,1,0,0,0,0
10153232191537259,24384,0,0,0,0,0
10153231739292259,62674,3,0,0,0,0
10153230888762259,29724,0,0,0,0,0
10153229097627259,86899,1,0,0,0,0
10153227142607259,23264,0,0,0,0,0
10153218760052259,23579,0,0,0,0,0
10153216398337259,32265,0,0,0,0,0
10153215773462259,20427,0,0,0,0,0
"10153218714352259"",""10153218686977259",0,0,0,0,0,0
10153210387517259,0,0,0,0,0,0
10153208320102259,28660,0,0,0,0,0
10153207845072259,25609,0,0,0,0,0
10153204985222259,32562,0,0,0,0,0
"10153208067017259"",""10153208056502259",0,0,0,0,0,0
10153204748407259,0,0,0,0,0,0
10153200182067259,26481,1,0,0,0,0
10153199369667259,34236,1,0,0,0,0
10153196483602259,31302,0,0,0,0,0
10153193698587259,37967,0,0,0,0,0
10153192039342259,0,0,0,0,0,0
10153189541747259,0,0,0,0,0,0
10153188939697259,23342,0,0,0,0,0
"10153191337337259"",""10153191333082259",0,0,0,0,0,0
10153184432832259,0,0,0,0,0,0
10153182146367259,23005,0,0,0,0,0
10153181469822259,17269,1,0,0,0,0
"10153182419287259"",""10153182359312259",0,0,0,0,0,0
10153178699952259,29009,0,0,0,0,0
10153175216647259,22186,0,0,0,0,0
10153170360442259,0,0,0,0,0,0
10153170340727259,44286,0,0,0,0,0
"10153076263467259"",""10153076258242259",0,0,0,0,0,0
10153063737677259,26225,0,0,0,0,0
10153056526162259,17702,0,0,0,0,0
"10153053592537259"",""10153053544882259",0,0,0,0,0,0
10153052047757259,13176,1,0,0,0,0
10153048332982259,15737,0,0,0,0,0
10153045721382259,0,0,0,0,0,0
10153045333107259,0,0,0,0,0,0
"10153048538192259"",""10153048531752259",0,0,0,0,0,0
10153039932777259,15576,0,0,0,0,0
10153040039692259,0,0,0,0,0,0
10153039772667259,21800,0,0,0,0,0
10153037171022259,13842,0,0,0,0,0
10153036378607259,0,0,0,0,0,0
10153034409587259,15454,0,0,0,0,0
"10153037818387259"",""10153037801317259",0,0,0,0,0,0
10153025990652259,0,0,0,0,0,0
"10153032040767259"",""10153032024642259",0,0,0,0,0,0
10153024211952259,0,0,0,0,0,0
10153021014327259,12826,0,0,0,0,0
10153020012632259,0,0,0,0,0,0
10153018944432259,11509,1,0,0,0,0
"10153021713207259"",""10153021704467259",0,0,0,0,0,0
10153017129322259,9751,0,0,0,0,0
10153011620842259,0,0,0,0,0,0
10153011374482259,12406,0,0,0,0,0
"10153014218097259"",""10153014211827259",0,0,0,0,0,0
10153006804712259,18126,0,0,0,0,0
10153004743332259,12293,0,0,0,0,0
"10153007360107259"",""10153007341197259",0,0,0,0,0,0
"10153002282267259"",""10153002272882259",0,0,0,0,0,0
10152998875737259,11225,0,0,0,0,0
10152998378022259,0,0,0,0,0,0
10152995934042259,0,0,0,0,0,0
"10152998580132259"",""10152998573722259",0,0,0,0,0,0
10152991564432259,27930,2,0,0,0,0
10152988898327259,28668,1,0,0,0,0
10152987368222259,0,0,0,0,0,0
10152986660412259,12727,0,0,0,0,0
"10152988719727259"",""10152988706907259",0,0,0,0,0,0
10152984411987259,15224,0,0,0,0,0
10152982773227259,11188,0,0,0,0,0
10152979874827259,13755,0,0,0,0,0
10152977801422259,13744,0,0,0,0,0
"10152982294792259"",""10152982279062259",0,0,0,0,0,0
"10152971523987259"",""10152971497432259",0,0,0,0,0,0
10152969018072259,0,0,0,0,0,0
10152966985047259,34658,0,0,0,0,0
"10152966146157259"",""10152966131662259",0,0,0,0,0,0
10152959786952259,15696,0,0,0,0,0
10152957339307259,63620,1,0,0,0,0
"10152953299722259"",""10152953277197259",0,0,0,0,0,0
10152951221957259,30781,1,0,0,0,0
10152950810147259,0,0,0,0,0,0
10152936004702259,0,0,0,0,0,0
10152935578032259,69250,5,2,0,0,0
10152931149342259,0,0,0,0,0,0
10152930710982259,0,0,0,0,0,0
"10152935358722259"",""10152935349742259",0,0,0,0,0,0
10152928161997259,10479,0,0,0,0,0
10152924734607259,0,0,0,0,0,0
10152924248537259,13523,0,0,0,0,0
"10152926218377259"",""10152926209507259",0,0,0,0,0,0
10152922180517259,0,0,0,0,0,0
10152914900067259,0,0,0,0,0,0
10152914639907259,0,0,0,0,0,0
10152824037157259,50777,0,0,0,0,0
10152821039007259,0,0,0,0,0,0
"10152825882522259"",""10152825844117259",0,0,0,0,0,0
10152818779967259,51818,0,0,0,0,0
10152815902727259,0,0,0,0,0,0
10152810691687259,64339,1,0,0,1,0
10152806177557259,52328,0,0,0,0,1
"10152802118832259"",""10152802018167259",0,0,0,0,0,0
10152799554342259,97232,3,0,0,0,0
10152794409662259,65996,0,0,0,0,0
10152792291807259,0,0,0,0,0,0
10152791906957259,0,0,0,0,0,0
10152790445802259,0,0,0,0,0,0
10152790154807259,0,0,0,0,0,0
"10152794820362259"",""10152794803317259",0,0,0,0,0,0
10152789549852259,38800,0,0,0,0,0
10152787858472259,48938,1,1,0,0,0
10152787272912259,0,0,0,0,0,0
10152786024317259,24764,0,0,0,0,0
10152780512587259,0,0,0,0,0,0
10152778987952259,23221,0,0,0,0,0
10152768862007259,60781,1,0,0,0,0
10152758978602259,0,0,0,0,0,0
10152757485317259,32354,1,0,0,0,0
10152757327367259,0,0,0,0,0,0
"10152756545372259"",""10152756532967259",0,0,0,0,0,0
10152750049012259,17307,0,0,0,0,0
10152744289927259,18217,0,0,0,0,0
10152739487787259,19686,0,0,0,0,0
10152738851612259,19217,1,0,0,0,0
"10152736107647259"",""10152736098997259",0,0,0,0,0,0
10152734187477259,0,0,0,0,0,0
10152729192477259,175613,4,0,12,0,0
10152727062082259,27947,0,0,0,0,0
10152724525432259,29357,0,0,0,0,0
10152722424752259,21038,0,0,0,0,0
"10152726827872259"",""10152726816187259",0,0,0,0,0,0
10152712539892259,50734,2,0,0,0,0
"10152710715412259"",""10152710682737259",0,0,0,0,0,0
10152707426482259,34887,0,0,0,0,0
10152706169157259,74508,2,0,1,0,0
10152704993232259,75064,0,0,0,0,0
10152704671147259,122453,2,0,0,0,0
10152697484537259,0,0,0,0,0,0
10152695024162259,17169,0,0,0,0,0
10152693219422259,119339,1,0,0,0,0
10152690893562259,34673,0,0,0,0,0
10152688069722259,58491,0,0,0,0,0
10152684548787259,26998,0,0,0,0,0
10152682009917259,23097,0,0,0,0,0
10152679358862259,68852,3,0,0,0,0
10152678692932259,0,0,0,0,0,0
10152677653997259,0,0,0,0,0,0
10152674619637259,39291,0,0,0,0,0
10152674277817259,0,0,0,0,0,0
10152663159807259,0,0,0,0,0,0
10152662714597259,21545,0,0,0,0,0
10152660768152259,18350,0,0,0,0,0
10152654148307259,0,0,0,0,0,0
"10152653848682259"",""10152653844232259",0,0,0,0,0,0
"10152649738777259"",""10152649709287259",0,0,0,0,0,0
10152649424492259,0,0,0,0,0,0
10152647000277259,0,0,0,0,0,0
10152632038432259,0,0,0,0,0,0
"10152631452407259"",""10152631435582259",0,0,0,0,0,0
10152612142327259,0,0,0,0,0,0
10152609197217259,0,0,0,0,0,0
10152608680092259,0,0,0,0,0,0
"10152592210247259"",""10152592202032259",0,0,0,0,0,0
10152574691927259,0,0,0,0,0,0
10152574392197259,0,0,0,0,0,0
"10152573230507259"",""10152573157087259",0,0,0,0,0,0
10152570706502259,0,0,0,0,0,0
10152552825272259,0,0,0,0,0,0
10152550368942259,36127,0,0,0,0,0
10152546713542259,0,0,0,0,0,0
"10152535427287259"",""10152535401762259",0,0,0,0,0,0
10152526922232259,14583,0,0,0,0,0
10152514827842259,3728,0,0,0,0,0
10152507688767259,31373,0,0,0,0,0
"10152505324692259"",""10152505322257259",0,0,0,0,0,0
10152495760377259,38557,1,0,0,0,0
10152493355252259,51660,0,0,0,0,0
10152490911872259,28329,0,0,0,0,0
"10152488788257259"",""10152488782982259",0,0,0,0,0,0
"10152481715337259"",""10152481678277259",0,0,0,0,0,0
10152474232062259,0,0,0,0,0,0
10152468914607259,23173,0,0,0,0,0
10152468743947259,0,0,0,0,0,0
"10152465997957259"",""10152465993057259",0,0,0,0,0,0
"10152463629562259"",""10152463620427259",0,0,0,0,0,0
10152461419062259,0,0,0,0,0,0
10152458270612259,0,0,0,0,0,0
10152456135887259,86312,0,0,0,0,0
"10152453416517259"",""10152453403647259",0,0,0,0,0,0
10152450289372259,0,0,0,0,0,0
10152448483467259,42489,1,0,0,0,0
"10152444781017259"",""10152444708192259",0,0,0,0,0,0
10152444633522259,73668,1,0,0,0,0
10152442528847259,0,0,0,0,0,0
10152438359477259,0,0,0,0,0,0
10152433391842259,156849,19,8,0,0,0
"10152431035972259"",""10152430982937259",0,0,0,0,0,0
10152425035712259,0,0,0,0,0,0
10152422954852259,13129,1,0,0,0,0
10152417279027259,0,0,0,0,0,0
10152416712947259,74823,3,0,0,0,0
10152415050107259,0,0,0,0,0,0
"10152407430252259"",""10152407422262259",0,0,0,0,0,0
10152402281232259,77366,1,1,0,0,0
"10152395270032259"",""10152395219432259",0,0,0,0,0,0
10152394837807259,133827,7,0,0,0,0
10152390289227259,29989,3,0,0,0,0
"10152387478412259"",""10152387458792259",0,0,0,0,0,0
10152387009672259,0,0,0,0,0,0
10152385096622259,0,0,0,0,0,0
"10152384754232259"",""10152384740507259",0,0,0,0,0,0
10152382918887259,0,0,0,0,0,0
10152382292827259,0,0,0,0,0,0
10152382260357259,83958,34,2,0,0,0
10152380443957259,44187,1,0,0,0,0
10152377571242259,18194,0,0,0,0,0
10152377191847259,0,0,0,0,0,0
10152368114847259,0,0,0,0,0,0
10152366906902259,10290,0,0,0,0,0
10152366263717259,12995,0,0,0,0,0
"10152355752642259"",""10152355695632259",0,0,0,0,0,0
10152352915917259,0,0,0,0,0,0
10152350392517259,41168,1,0,1,0,0
10152345297107259,46074,0,0,0,0,0
"10152345061347259"",""10152345038482259",0,0,0,0,0,0
"10152338062062259"",""10152338056327259",0,0,0,0,0,0
10152335939812259,0,0,0,0,0,0
10152333194712259,19488,0,0,0,0,0
10152325248822259,16960,0,0,0,0,0
"10152319921987259"",""10152319907057259",0,0,0,0,0,0
10152316136537259,0,0,0,0,0,0
10152310778812259,22071,0,0,0,0,0
"10152308098337259"",""10152308074847259",0,0,0,0,0,0
"10152301163882259"",""10152301149452259",0,0,0,0,0,0
10152298771317259,48651,1,0,0,0,0
10152292442822259,0,0,0,0,0,0
"10152291975362259"",""10152291963712259",0,0,0,0,0,0
10152289876607259,14329,1,0,0,0,0
10152287456532259,33123,0,0,0,0,0
"10152283412072259"",""10152283399037259",0,0,0,0,0,0
10152283091027259,0,0,0,0,0,0
10152282794212259,0,0,0,0,0,0
10152277676677259,13992,0,0,0,0,0
10152278249387259,0,0,0,0,0,0
10152270091602259,0,0,0,0,0,0
"10152267136362259"",""10152267129592259",0,0,0,0,0,0
10152265282532259,0,0,0,0,0,0
10152264896882259,12928,0,0,0,0,0
10152264706717259,0,0,0,0,0,0
10152262729277259,0,0,0,0,0,0
"10152257510972259"",""10152257502797259",0,0,0,0,0,0
10152257365297259,10298,0,0,0,0,0
10152252630857259,16667,0,1,0,0,0
10152253125982259,0,0,0,0,0,0
10152252618862259,0,0,0,0,0,0
"10152252308012259"",""10152252301857259",0,0,0,0,0,0
10152250160122259,25032,1,1,0,0,0
10152248024682259,0,0,0,0,0,0
10152237057737259,11852,0,0,0,0,0
"10152236949497259"",""10152236934262259",0,0,0,0,0,0
10152235126642259,0,0,0,0,0,0
10152234902312259,0,0,0,0,0,0
"10152223934147259"",""10152223908657259",0,0,0,0,0,0
"10152217117867259"",""10152217029647259",0,0,0,0,0,0
10152215321707259,0,0,0,0,0,0
"10152200404012259"",""10152200383607259",0,0,0,0,0,0
10152198683947259,0,0,0,0,0,0
10152193702502259,0,0,0,0,0,0
"10152189110297259"",""10152189095352259",0,0,0,0,0,0
"10152182327717259"",""10152182318467259",0,0,0,0,0,0
10152175836452259,0,0,0,0,0,0
10152171676867259,0,0,0,0,0,0
10152169679157259,0,0,0,0,0,0
"10152169398962259"",""10152169384992259",0,0,0,0,0,0
10152154864232259,40999,1,2,0,0,0
10152152212627259,0,0,0,0,0,0
"10152151989232259"",""10152151987197259",0,0,0,0,0,0
10152150394942259,0,0,0,0,0,0
10152147432532259,0,0,0,0,0,0
10152147372302259,0,0,0,0,0,0
10152145395982259,0,0,0,0,0,0
"10152145242382259"",""10152145235652259",0,0,0,0,0,0
10152143505207259,0,0,0,0,0,0
10152143354397259,0,0,0,0,0,0
10152140227767259,0,0,0,0,0,0
"10152137687047259"",""10152137676437259",0,0,0,0,0,0
10152135061577259,177917,0,0,0,0,0
10152133755092259,182178,0,0,0,0,0
10152129198117259,0,0,0,0,0,0
10152128901302259,0,0,0,0,0,0
10152128353507259,8772,0,0,0,0,0
10152126892887259,13926,0,0,0,0,0
10152126275412259,0,0,0,0,0,0
10152126202457259,0,0,0,0,0,0
10152120078327259,27253,0,0,0,0,0
"10152117564847259"",""10152117549617259",0,0,0,0,0,0
10152115237157259,0,0,0,0,0,0
10152112190777259,0,0,0,0,0,0
"10152108614542259"",""10152108599297259",0,0,0,0,0,0
10152107373192259,0,0,0,0,0,0
10152107216062259,0,0,0,0,0,0
10152107016857259,0,0,0,0,0,0
10152106017222259,31543,4,0,0,0,0
10152105931097259,0,0,0,0,0,0
10152104268842259,0,0,0,0,0,0
10152104099762259,0,0,0,0,0,0
10152102111162259,0,0,0,0,0,0
"10152099263602259"",""10152099249262259",0,0,0,0,0,0
10152096479752259,0,0,0,0,0,0
10152096302067259,7916,0,0,0,0,0
10152094096227259,0,0,0,0,0,0
10152093633187259,0,0,0,0,0,0
10152091943987259,0,0,0,0,0,0
"10152091356322259"",""10152091299247259",0,0,0,0,0,0
10152091420437259,0,0,0,0,0,0
10152089964807259,0,0,0,0,0,0
10152089349197259,0,0,0,0,0,0
10152089255647259,0,0,0,0,0,0
"10152084567242259"",""10152084551342259",0,0,0,0,0,0
10152082812277259,0,0,0,0,0,0
10152081341782259,0,0,0,0,0,0
10152079125417259,0,0,0,0,0,0
10152079057757259,13469,0,0,0,0,0
10152077303087259,0,0,0,0,0,0
"10152077101437259"",""10152077095037259",0,0,0,0,0,0
10152076810227259,0,0,0,0,0,0
"10152071584347259"",""10152071568457259",0,0,0,0,0,0
10152069448507259,0,0,0,0,0,0
10152069230562259,0,0,0,0,0,0
10152068896902259,0,0,0,0,0,0
"10152063660342259"",""10152063630757259",0,0,0,0,0,0
10152062912292259,0,0,0,0,0,0
10152060766052259,0,0,0,0,0,0
10152059934507259,0,0,0,0,0,0
"10152057436722259"",""10152057427397259",0,0,0,0,0,0
10152054366452259,0,0,0,0,0,0
10152050046507259,0,0,0,0,0,0
10152049659487259,0,0,0,0,0,0
10152047616147259,0,0,0,0,0,0
"10152044006772259"",""10152041014007259",0,0,0,0,0,0
"10152041122712259"",""10152041014007259",0,0,0,0,0,0
10152038379742259,0,0,0,0,0,0
10152038662007259,0,0,0,0,0,0
463800943729520,7665,0,0,0,0,0
"10152026847072259"",""10152026827997259",0,0,0,0,0,0
10152021379352259,0,0,0,0,0,0
10152021125647259,0,0,0,0,0,0
10152020983042259,0,0,0,0,0,0
10152019665387259,0,0,0,0,0,0
10152019051362259,0,0,0,0,0,0
"10152017691102259"",""10152017648942259",0,0,0,0,0,0
10152015395997259,0,0,0,0,0,0
10152010910392259,0,0,0,0,0,0
"10151917970407259"",""10151917965047259",0,0,0,0,0,0
10151915366012259,0,0,0,0,0,0
10151913158112259,0,0,0,0,0,0
"10151908559567259"",""10151908553342259",0,0,0,0,0,0
10151907582697259,0,0,0,0,0,0
10151906538267259,0,0,0,0,0,0
"10151904141442259"",""10151904122507259",0,0,0,0,0,0
10151902039257259,0,0,0,0,0,0
10151897518747259,0,0,0,0,0,0
10151897381207259,0,0,0,0,0,0
10151891349827259,0,0,0,0,0,0
10151891072452259,0,0,0,0,0,0
10151890399567259,0,0,0,0,0,0
"10151897064592259"",""10151895160882259",0,0,0,0,0,0
10151887711452259,0,0,0,0,0,0
10151874810382259,0,0,0,0,0,0
10151872142482259,0,0,0,0,0,0
10151868511457259,0,0,0,0,0,0
"10151846376452259"",""10151846372947259",0,0,0,0,0,0
10151844318167259,0,0,0,0,0,0
431411236968491,12962,0,0,1,0,0
10151843042337259,0,0,0,0,0,0
"10151840399907259"",""10151840396482259",0,0,0,0,0,0
10151838568427259,0,0,0,0,0,0
10151835117702259,0,0,0,0,0,0
10151831737167259,0,0,0,0,0,0
"10151829085417259"",""10151829079682259",0,0,0,0,0,0
10151828238757259,0,0,0,0,0,0
"10151824985697259"",""10151824982072259",0,0,0,0,0,0
"10151821949182259"",""10151821940732259",0,0,0,0,0,0
10151821845952259,0,0,0,0,0,0
10151821802242259,0,0,0,0,0,0
10151817786567259,0,0,0,0,0,0
10151817295482259,0,0,0,0,0,0
10151815008852259,0,0,0,0,0,0
10151796602807259,0,0,0,0,0,0
10151794681357259,0,0,0,0,0,0
422988911144057,6773,0,0,0,0,0
"10151794298257259"",""10151794296102259",0,0,0,0,0,0
422687151174233,7198,0,0,0,0,0
10151791838567259,0,0,0,0,0,0
10151789989382259,0,0,0,0,0,0
422292537880361,10963,0,0,0,0,0
10151789450837259,0,0,0,0,0,0
"10151789426102259"",""10151789401917259",0,0,0,0,0,0
10151783371407259,0,0,0,0,0,0
"10151783061947259"",""10151783057867259",0,0,0,0,0,0
10151781109607259,0,0,0,0,0,0
10151781060422259,0,0,0,0,0,0
"10151780471957259"",""10151780468077259",0,0,0,0,0,0
10151778967542259,0,0,0,0,0,0
420168064759475,5291,1,0,0,0,0
419837078125907,6542,0,0,0,0,0
10151776820662259,0,0,0,0,0,0
"10151776502327259"",""10151776498437259",0,0,0,0,0,0
10151774173742259,0,0,0,0,0,0
418161211626827,15662,0,0,0,0,0
418028661640082,9615,0,0,0,0,0
10151701140917259,0,0,0,0,0,0
404464522996496,5316,0,0,0,0,0
10151699307202259,0,0,0,0,0,0
10151699283262259,0,0,0,0,0,0
10151697777207259,0,0,0,0,0,0
10151691084697259,0,0,0,0,0,0
10151690863492259,0,0,0,0,0,0
10151689807132259,0,0,0,0,0,0
10151686681922259,0,0,0,0,0,0
10151684530867259,0,0,0,0,0,0
10151684435627259,0,0,0,0,0,0
10151676276597259,0,0,0,0,0,0
10151673304212259,0,0,0,0,0,0
10151669275352259,0,0,0,0,0,0
10151668132987259,0,0,0,0,0,0
"10151667801727259"",""10151667799172259",0,0,0,0,0,0
10151659751847259,0,0,0,0,0,0
"10151659743427259"",""10151659722917259",0,0,0,0,0,0
10151657999957259,0,0,0,0,0,0
10151656593752259,0,0,0,0,0,0
10151649231777259,0,0,0,0,0,0
10151648952252259,0,0,0,0,0,0
10151648805437259,0,0,0,0,0,0
10151637720162259,0,0,0,0,0,0
10151637695962259,0,0,0,0,0,0
"10151634261457259"",""10151634257027259",0,0,0,0,0,0
10151632735422259,0,0,0,0,0,0
"10151632702787259"",""10151632699772259",0,0,0,0,0,0
"10151629077517259"",""10151629063447259",0,0,0,0,0,0
10151628936077259,0,0,0,0,0,0
10151628717812259,0,0,0,0,0,0
10151623087962259,0,0,0,0,0,0
10151621449562259,0,0,0,0,0,0
"10151621408572259"",""10151621393522259",0,0,0,0,0,0
10151620170412259,0,0,0,0,0,0
10151619093937259,0,0,0,0,0,0
10151618830237259,0,0,0,0,0,0
"10151618810822259"",""10151618807237259",0,0,0,0,0,0
383900648386217,6462,0,0,0,0,0
10151616703182259,0,0,0,0,0,0
10151616647557259,0,0,0,0,0,0
10151616627722259,0,0,0,0,0,0
10151616505627259,0,0,0,0,0,0
"10151614803477259"",""10151614797422259",0,0,0,0,0,0
10151614767947259,0,0,0,0,0,0
10151611441462259,0,0,0,0,0,0
10151611115492259,0,0,0,0,0,0
"10151609123252259"",""10151609120132259",0,0,0,0,0,0
10151607926382259,0,0,0,0,0,0
"10151607510392259"",""10151607507547259",0,0,0,0,0,0
10151606804557259,0,0,0,0,0,0
10151606028087259,0,0,0,0,0,0
10151604528592259,0,0,0,0,0,0
"10151602250932259"",""10151602245762259",0,0,0,0,0,0
10151600299862259,0,0,0,0,0,0
"10151596791667259"",""10151596784472259",0,0,0,0,0,0
10151595940042259,0,0,0,0,0,0
10151594917657259,0,0,0,0,0,0
10151594681327259,0,0,0,0,0,0
"10151594592127259"",""10151594585582259",0,0,0,0,0,0
10151592826207259,0,0,0,0,0,0
"10151589546527259"",""10151589537217259",0,0,0,0,0,0
10151589481652259,0,0,0,0,0,0
10151587570182259,0,0,0,0,0,0
10151586229977259,0,0,0,0,0,0
"10151584150967259"",""10151584145742259",0,0,0,0,0,0
10151582607867259,0,0,0,0,0,0
"10151582080632259"",""10151582078062259",0,0,0,0,0,0
10151576633262259,0,0,0,0,0,0
10151574913252259,0,0,0,0,0,0
10151531523237259,0,0,0,0,0,0
10151529971077259,0,0,0,0,0,0
10151528112957259,0,0,0,0,0,0
10151526928687259,0,0,0,0,0,0
10151521707742259,0,0,0,0,0,0
"10151520499317259"",""10151520456532259",0,0,0,0,0,0
10151520106187259,0,0,0,0,0,0
10151518246632259,0,0,0,0,0,0
10151516083457259,0,0,0,0,0,0
"10151515871032259"",""10151515866652259",0,0,0,0,0,0
10151514819757259,0,0,0,0,0,0
10151509256437259,0,0,0,0,0,0
"10151508900422259"",""10151508886927259",0,0,0,0,0,0
10151508863437259,0,0,0,0,0,0
10151507472382259,0,0,0,0,0,0
"10151506747477259"",""10151506743377259",0,0,0,0,0,0
10151506661652259,0,0,0,0,0,0
"10151501001407259"",""10151500991927259",0,0,0,0,0,0
10151500923422259,0,0,0,0,0,0
10151493984967259,0,0,0,0,0,0
10151492203207259,0,0,0,0,0,0
10151492063547259,0,0,0,0,0,0
10151491822152259,0,0,0,0,0,0
"10151491674102259"",""10151491669907259",0,0,0,0,0,0
10151489652722259,0,0,0,0,0,0
10151487298907259,0,0,0,0,0,0
10151487001817259,0,0,0,0,0,0
10151484859302259,0,0,0,0,0,0
"10151484772112259"",""10151484762612259",0,0,0,0,0,0
10151474274747259,0,0,0,0,0,0
10151473998772259,0,0,0,0,0,0
"10151472187242259"",""10151472182457259",0,0,0,0,0,0
10151463829132259,0,0,0,0,0,0
"10151459822887259"",""10151459816437259",0,0,0,0,0,0
10151458493892259,0,0,0,0,0,0
10151456990807259,0,0,0,0,0,0
10151456529097259,0,0,0,0,0,0
"10151453189912259"",""10151453182687259",0,0,0,0,0,0
10151451451912259,0,0,0,0,0,0
"10151446890092259"",""10151446882197259",0,0,0,0,0,0
10151446769382259,0,0,0,0,0,0
10151445036542259,0,0,0,0,0,0
10151444843772259,0,0,0,0,0,0
10151444759192259,0,0,0,0,0,0
10151443133847259,0,0,0,0,0,0
10151442972097259,0,0,0,0,0,0
10151442757432259,0,0,0,0,0,0
10151442528602259,0,0,0,0,0,0
10151442482662259,0,0,0,0,0,0
10151440712932259,0,0,0,0,0,0
"10151438153417259"",""10151438135537259",0,0,0,0,0,0
10151434334902259,0,0,0,0,0,0
10151431298552259,0,0,0,0,0,0
10151428658417259,0,0,0,0,0,0
10151428654827259,0,0,0,0,0,0
10151426713862259,0,0,0,0,0,0
10151390131067259,0,0,0,0,0,0
10151388937567259,0,0,0,0,0,0
10151386407747259,0,0,0,0,0,0
"10151386116597259"",""10151386111327259",0,0,0,0,0,0
10151248692387259,0,0,0,0,0,0
10151248493782259,0,0,0,0,0,0
10151247633122259,0,0,0,0,0,0
10151247486232259,0,0,0,0,0,0
10151177328042259,0,0,0,0,0,0
10151175685977259,0,0,0,0,0,0
10151171186927259,0,0,0,0,0,0
10151171174207259,0,0,0,0,0,0
10151165937092259,0,0,0,0,0,0
10151164666222259,0,0,0,0,0,0
10151160788607259,0,0,0,0,0,0
10151157940527259,0,0,0,0,0,0
10151150253287259,0,0,0,0,0,0
10151144981402259,0,0,0,0,0,0
10151137762712259,0,0,0,0,0,0
10151132634602259,0,0,0,0,0,0
10151130077922259,0,0,0,0,0,0
10151127702732259,0,0,0,0,0,0
10151125487162259,0,0,0,0,0,0
10151123342762259,0,0,0,0,0,0
10151120610922259,0,0,0,0,0,0
10151119077877259,0,0,0,0,0,0
10151118905332259,0,0,0,0,0,0
10151118555812259,0,0,0,0,0,0
10151115926142259,0,0,0,0,0,0
10151113470637259,0,0,0,0,0,0
10151107376147259,0,0,0,0,0,0
10151105108957259,0,0,0,0,0,0
10151097928457259,0,0,0,0,0,0
10151093713452259,0,0,0,0,0,0
10151089048977259,0,0,0,0,0,0
10151082801612259,0,0,0,0,0,0
10151082797997259,0,0,0,0,0,0
10151082634042259,0,0,0,0,0,0
10151082634072259,0,0,0,0,0,0
10151067416932259,0,0,0,0,0,0
10151064903142259,0,0,0,0,0,0
10151064157512259,0,0,0,0,0,0
10151062839282259,0,0,0,0,0,0
10151060014472259,0,0,0,0,0,0
10151057799207259,0,0,0,0,0,0
10151057750952259,0,0,0,0,0,0
10151056124412259,0,0,0,0,0,0
10151053425507259,0,0,0,0,0,0
10151051128652259,0,0,0,0,0,0
10151049025557259,0,0,0,0,0,0
10151045741877259,0,0,0,0,0,0
10151045013592259,0,0,0,0,0,0
10151042484837259,0,0,0,0,0,0
10151041436567259,0,0,0,0,0,0
10151040217762259,0,0,0,0,0,0
10151034313642259,0,0,0,0,0,0
10151025233402259,0,0,0,0,0,0
10151023048922259,0,0,0,0,0,0
10151021337677259,0,0,0,0,0,0
10151011965962259,0,0,0,0,0,0
10150998500837259,0,0,0,0,0,0
10150977813787259,0,0,0,0,0,0
10150950673837259,0,0,0,0,0,0
10150944638422259,0,0,0,0,0,0
10150936566462259,0,0,0,0,0,0
10150911870152259,0,0,0,0,0,0
10150908890292259,0,0,0,0,0,0
10150905620432259,0,0,0,0,0,0
10150904155002259,0,0,0,0,0,0
10150902826472259,0,0,0,0,0,0
10150900037527259,0,0,0,0,0,0
10150896438252259,0,0,0,0,0,0
10150890789677259,0,0,0,0,0,0
10150890924562259,0,0,0,0,0,0
10150887130962259,0,0,0,0,0,0
10150885279387259,0,0,0,0,0,0
10150878998692259,0,0,0,0,0,0
10150875631992259,0,0,0,0,0,0
10150833459302259,0,0,0,0,0,0
10150819925812259,0,0,0,0,0,0
10150818112432259,0,0,0,0,0,0
10150814174322259,0,0,0,0,0,0
10150793120197259,0,0,0,0,0,0
10150784469282259,0,0,0,0,0,0
10150781301137259,0,0,0,0,0,0
10150778338807259,0,0,0,0,0,0
10150775615117259,0,0,0,0,0,0
10150770028442259,0,0,0,0,0,0
10150767339197259,0,0,0,0,0,0
10150765081227259,0,0,0,0,0,0
10150764119427259,0,0,0,0,0,0
10150761512327259,0,0,0,0,0,0
10150757461102259,0,0,0,0,0,0
10150752655962259,0,0,0,0,0,0
10150746057877259,0,0,0,0,0,0
10150745887332259,0,0,0,0,0,0
10150745420682259,0,0,0,0,0,0
10150741003832259,0,0,0,0,0,0
10150731389077259,0,0,0,0,0,0
10150725959047259,0,0,0,0,0,0
10150722169377259,0,0,0,0,0,0
10150722169217259,0,0,0,0,0,0
10150714649362259,0,0,0,0,0,0
10150714649637259,0,0,0,0,0,0
10150712509872259,0,0,0,0,0,0
10150710097792259,0,0,0,0,0,0
10150707430257259,0,0,0,0,0,0
10150707429977259,0,0,0,0,0,0
10150701477542259,0,0,0,0,0,0
10150696868832259,0,0,0,0,0,0
10150695335647259,0,0,0,0,0,0
10150695064002259,0,0,0,0,0,0
10150692533302259,0,0,0,0,0,0
10150688670492259,0,0,0,0,0,0
10150686529662259,0,0,0,0,0,0
10150687096172259,0,0,0,0,0,0
10150682443547259,0,0,0,0,0,0
10150681952912259,0,0,0,0,0,0
10150679402412259,0,0,0,0,0,0
10150677375907259,0,0,0,0,0,0
10150670927602259,0,0,0,0,0,0
10150668541047259,0,0,0,0,0,0
10150666825322259,0,0,0,0,0,0
10150666170502259,0,0,0,0,0,0
10150662056537259,0,0,0,0,0,0
10150659983747259,0,0,0,0,0,0
10150656560207259,0,0,0,0,0,0
10150651631432259,0,0,0,0,0,0
10150650054987259,0,0,0,0,0,0
10150649745327259,0,0,0,0,0,0
10150641977322259,0,0,0,0,0,0
10150639952087259,0,0,0,0,0,0
10150637675132259,0,0,0,0,0,0
10150633561452259,0,0,0,0,0,0
10150629528077259,0,0,0,0,0,0
10150627035527259,0,0,0,0,0,0
10150627242412259,0,0,0,0,0,0
10150620780282259,0,0,0,0,0,0
10150620117192259,0,0,0,0,0,0
10150609891162259,0,0,0,0,0,0
10150609971067259,0,0,0,0,0,0
10150607511937259,0,0,0,0,0,0
10150602345577259,0,0,0,0,0,0
10150594097127259,0,0,0,0,0,0
10150588577537259,0,0,0,0,0,0
10150581042087259,0,0,0,0,0,0
10150581042042259,0,0,0,0,0,0
10150581041967259,0,0,0,0,0,0
10150581041962259,0,0,0,0,0,0
10150581041947259,0,0,0,0,0,0
10150581041957259,0,0,0,0,0,0
10150581041932259,0,0,0,0,0,0
10150578340337259,0,0,0,0,0,0
10150569058107259,0,0,0,0,0,0
10150568460162259,0,0,0,0,0,0
10150566518247259,0,0,0,0,0,0
10150565962167259,0,0,0,0,0,0
10150563082407259,0,0,0,0,0,0
10150562849967259,0,0,0,0,0,0
10150562849962259,0,0,0,0,0,0
10150557614072259,0,0,0,0,0,0
10150555623767259,0,0,0,0,0,0
10150555623737259,0,0,0,0,0,0
10150555623757259,0,0,0,0,0,0
10150555623722259,0,0,0,0,0,0
10150555623692259,0,0,0,0,0,0
10150555623682259,0,0,0,0,0,0
10150555623647259,0,0,0,0,0,0
10150555332542259,0,0,0,0,0,0
10150555221847259,0,0,0,0,0,0
10150553023457259,0,0,0,0,0,0
10150548102562259,0,0,0,0,0,0
10150548102512259,0,0,0,0,0,0
10150548102492259,0,0,0,0,0,0
10150548102462259,0,0,0,0,0,0
10150547715387259,0,0,0,0,0,0
10150538831172259,0,0,0,0,0,0
10150538653752259,0,0,0,0,0,0
10150538653722259,0,0,0,0,0,0
10150538653687259,0,0,0,0,0,0
10150534158912259,0,0,0,0,0,0
10150533726742259,0,0,0,0,0,0
10150533726777259,0,0,0,0,0,0
10150533726717259,0,0,0,0,0,0
10150533726697259,0,0,0,0,0,0
10150529500512259,0,0,0,0,0,0
10150529134442259,0,0,0,0,0,0
10150529134427259,0,0,0,0,0,0
10150529134412259,0,0,0,0,0,0
10150529134402259,0,0,0,0,0,0
10150529134362259,0,0,0,0,0,0
10150524972582259,0,0,0,0,0,0
10150523264272259,0,0,0,0,0,0
10150522875427259,0,0,0,0,0,0
10150522875407259,0,0,0,0,0,0
10150518384322259,0,0,0,0,0,0
10150513878762259,0,0,0,0,0,0
10150513878792259,0,0,0,0,0,0
10150513878667259,0,0,0,0,0,0
10150513878617259,0,0,0,0,0,0
10150513878582259,0,0,0,0,0,0
"10150513874577259"",""10150513868737259",0,0,0,0,0,0
10150507688617259,0,0,0,0,0,0
10150503176287259,0,0,0,0,0,0
10150501108357259,0,0,0,0,0,0
10150501108337259,0,0,0,0,0,0
10150501108322259,0,0,0,0,0,0
10150501108312259,0,0,0,0,0,0
10150501108297259,0,0,0,0,0,0
10150501108282259,0,0,0,0,0,0
10150501108267259,0,0,0,0,0,0
10150488997882259,0,0,0,0,0,0
10150488997862259,0,0,0,0,0,0
10150488997842259,0,0,0,0,0,0
10150488997852259,0,0,0,0,0,0
10150488997822259,0,0,0,0,0,0
10150488997792259,0,0,0,0,0,0
10150488997787259,0,0,0,0,0,0
10150479205612259,0,0,0,0,0,0
10150479205572259,0,0,0,0,0,0
10150479205537259,0,0,0,0,0,0
10150479205562259,0,0,0,0,0,0
10150479205527259,0,0,0,0,0,0
10150479205522259,0,0,0,0,0,0
10150479205507259,0,0,0,0,0,0
10150477659997259,0,0,0,0,0,0
10150475226992259,0,0,0,0,0,0
10150475227027259,0,0,0,0,0,0
10150475226962259,0,0,0,0,0,0
10150475226922259,0,0,0,0,0,0
10150475226857259,0,0,0,0,0,0
10150473702192259,0,0,0,0,0,0
10150473702167259,0,0,0,0,0,0
10150473702142259,0,0,0,0,0,0
10150473702122259,0,0,0,0,0,0
10150473702087259,0,0,0,0,0,0
10150473702107259,0,0,0,0,0,0
10150473702052259,0,0,0,0,0,0
10150473178362259,0,0,0,0,0,0
10150471244602259,0,0,0,0,0,0
10150471244587259,0,0,0,0,0,0
10150471244577259,0,0,0,0,0,0
10150471244557259,0,0,0,0,0,0
10150471244552259,0,0,0,0,0,0
10150459538842259,0,0,0,0,0,0
10150459538817259,0,0,0,0,0,0
10150459538802259,0,0,0,0,0,0
10150459538782259,0,0,0,0,0,0
10150459538777259,0,0,0,0,0,0
10150459538767259,0,0,0,0,0,0
10150459538762259,0,0,0,0,0,0
10150459538742259,0,0,0,0,0,0
10150456733922259,0,0,0,0,0,0
10150447342607259,0,0,0,0,0,0
10150443158917259,0,0,0,0,0,0
10150443158897259,0,0,0,0,0,0
10150443158827259,0,0,0,0,0,0
10150443158842259,0,0,0,0,0,0
10150443158812259,0,0,0,0,0,0
10150443158797259,0,0,0,0,0,0
10150443158787259,0,0,0,0,0,0
10150443158767259,0,0,0,0,0,0
10150441673392259,0,0,0,0,0,0
10150438691047259,0,0,0,0,0,0
10150438598462259,0,0,0,0,0,0
10150438598467259,0,0,0,0,0,0
10150438598397259,0,0,0,0,0,0
10150438598412259,0,0,0,0,0,0
10150438598442259,0,0,0,0,0,0
10150438598382259,0,0,0,0,0,0
10150438598372259,0,0,0,0,0,0
10150438598332259,0,0,0,0,0,0
10150432517807259,0,0,0,0,0,0
10150432303787259,0,0,0,0,0,0
10150429932002259,0,0,0,0,0,0
10150428241272259,0,0,0,0,0,0
10150427849107259,0,0,0,0,0,0
10150427849062259,0,0,0,0,0,0
10150427849092259,0,0,0,0,0,0
10150427849087259,0,0,0,0,0,0
10150427849052259,0,0,0,0,0,0
10150427849057259,0,0,0,0,0,0
10150425861342259,0,0,0,0,0,0
10150425861347259,0,0,0,0,0,0
10150425861357259,0,0,0,0,0,0
10150425861362259,0,0,0,0,0,0
10150425861337259,0,0,0,0,0,0
10150425836282259,0,0,0,0,0,0
10150425836277259,0,0,0,0,0,0
10150425836272259,0,0,0,0,0,0
10150425836262259,0,0,0,0,0,0
10150425836257259,0,0,0,0,0,0
10150425672752259,0,0,0,0,0,0
10150423649932259,0,0,0,0,0,0
10150423649952259,0,0,0,0,0,0
10150423649947259,0,0,0,0,0,0
10150423649937259,0,0,0,0,0,0
10150423645787259,0,0,0,0,0,0
10150423645782259,0,0,0,0,0,0
10150423645767259,0,0,0,0,0,0
10150423645757259,0,0,0,0,0,0
10150423645752259,0,0,0,0,0,0
10150419197892259,0,0,0,0,0,0
10150411509632259,0,0,0,0,0,0
10150406598552259,0,0,0,0,0,0
10150403453192259,0,0,0,0,0,0
10150397659517259,0,0,0,0,0,0
10150397659502259,0,0,0,0,0,0
10150397659462259,0,0,0,0,0,0
10150397659477259,0,0,0,0,0,0
10150397659492259,0,0,0,0,0,0
10150388384677259,0,0,0,0,0,0
10150385558432259,0,0,0,0,0,0
10150383776262259,0,0,0,0,0,0
10150383776267259,0,0,0,0,0,0
10150383776237259,0,0,0,0,0,0
10150383776227259,0,0,0,0,0,0
10150383776252259,0,0,0,0,0,0
10150383776257259,0,0,0,0,0,0
10150383776247259,0,0,0,0,0,0
10150383776222259,0,0,0,0,0,0
10150381378567259,0,0,0,0,0,0
10150380410742259,0,0,0,0,0,0
10150380410702259,0,0,0,0,0,0
10150380410732259,0,0,0,0,0,0
10150380410722259,0,0,0,0,0,0
10150379220437259,0,0,0,0,0,0
10150378942632259,0,0,0,0,0,0
10150377679617259,0,0,0,0,0,0
10150377679607259,0,0,0,0,0,0
10150377679597259,0,0,0,0,0,0
10150377679582259,0,0,0,0,0,0
10150377679572259,0,0,0,0,0,0
10150377679577259,0,0,0,0,0,0
10150376729512259,0,0,0,0,0,0
10150374981987259,0,0,0,0,0,0
10150374981977259,0,0,0,0,0,0
10150374981957259,0,0,0,0,0,0
10150374981952259,0,0,0,0,0,0
10150374981967259,0,0,0,0,0,0
10150374981972259,0,0,0,0,0,0
10150371554972259,0,0,0,0,0,0
10150371247572259,0,0,0,0,0,0
10150370373447259,0,0,0,0,0,0
10150369972727259,0,0,0,0,0,0
10150369972717259,0,0,0,0,0,0
10150369972702259,0,0,0,0,0,0
10150369972672259,0,0,0,0,0,0
10150369972697259,0,0,0,0,0,0
10150369972692259,0,0,0,0,0,0
10150369972687259,0,0,0,0,0,0
10150368624307259,0,0,0,0,0,0
10150368624312259,0,0,0,0,0,0
10150368624322259,0,0,0,0,0,0
10150368624332259,0,0,0,0,0,0
10150368624317259,0,0,0,0,0,0
10150363026442259,0,0,0,0,0,0
10150361869692259,0,0,0,0,0,0
10150360582952259,0,0,0,0,0,0
10150360582927259,0,0,0,0,0,0
10150360582932259,0,0,0,0,0,0
10150360582942259,0,0,0,0,0,0
10150360582937259,0,0,0,0,0,0
10150360582917259,0,0,0,0,0,0
10150360582912259,0,0,0,0,0,0
10150360582922259,0,0,0,0,0,0
10150360582907259,0,0,0,0,0,0
10150359704307259,3798,0,0,0,0,0
10150359507277259,0,0,0,0,0,0
10150359329727259,0,0,0,0,0,0
296748987004645,5090,0,0,0,0,0
10150358145182259,0,0,0,0,0,0
10150356660982259,0,0,0,0,0,0
115410438567874,6826,0,0,0,0,0
226045310788151,6866,0,0,0,0,0
10150353168187259,0,0,0,0,0,0
10150352830837259,0,0,0,0,0,0
206336122769844,5121,0,0,0,0,0
10150351496977259,4962,0,0,0,0,0
10150350216112259,0,0,0,0,0,0
244743015573288,6131,0,0,0,0,0
10150344011807259,0,0,0,0,0,0
10150342888587259,0,0,0,0,0,0
171469682938242,5395,0,0,0,0,0
10150342548442259,5641,0,0,0,0,0
10150341307712259,0,0,0,0,0,0
211934168874255,4575,0,0,0,0,0
10150338561517259,0,0,0,0,0,0
130909043677621,5804,0,0,0,0,0
282117158474606,4666,0,0,0,0,0
280611421957706,3347,0,0,0,0,0
290553680970259,3467,0,0,0,0,0
10150333402352259,0,0,0,0,0,0
221694974557091,3867,0,0,0,0,0
10150332407482259,0,0,0,0,0,0
258181404220588,4692,0,0,0,0,0
10150332089627259,0,0,0,0,0,0
242873415763796,4010,0,0,0,0,0
271327562887995,7966,0,0,0,0,0
156219441135551,4586,0,0,0,0,0
10150329302602259,0,0,0,0,0,0
215450345184237,3643,0,0,0,0,0
128051983962357,4124,0,0,0,0,0
10150324329052259,0,0,0,0,0,0
10150324117847259,0,0,0,0,0,0
10150323570267259,9716,0,0,0,0,0
10150323414352259,3403,0,0,0,0,0
10150323324002259,5237,0,0,0,0,0
10150322857912259,0,0,0,0,0,0
10150322538287259,3948,0,0,0,0,0
10150321418492259,0,0,0,0,0,0
10150321092937259,0,0,0,0,0,0
282251688467184,4133,0,0,0,0,0
10150316022117259,0,0,0,0,0,0
10150315731707259,0,0,0,0,0,0
10150314667522259,4380,0,0,0,0,0
10150313159952259,0,0,0,0,0,0
10150313109447259,0,0,0,0,0,0
160570310693871,4643,0,0,0,0,0
10150312102902259,0,0,0,0,0,0
10150311793417259,0,0,0,0,0,0
10150310514717259,0,0,0,0,0,0
10150308302742259,3537,0,0,0,0,0
10150308050122259,5445,0,0,0,0,0
163757187038780,4081,0,0,0,0,0
10150306636607259,0,0,0,0,0,0
10150305478757259,6427,0,0,0,0,0
134324449997060,6225,0,0,0,0,0
10150299345227259,6123,0,0,0,0,0
215692035152788,7961,0,0,0,0,0
10150298149402259,10309,0,0,0,0,0
196130567120773,3607,0,0,0,0,0
166243103453409,3262,0,0,0,0,0
139235589504641,7251,0,0,0,0,0
148540898566275,3692,0,0,0,0,0
10150292138527259,7768,0,0,0,0,0
10150291814697259,0,0,0,0,0,0
231662410212746,3561,0,0,0,0,0
181748495230299,6747,0,0,0,0,0
129234493839404,4393,0,0,0,0,0
10150290291992259,0,0,0,0,0,0
204222476305614,3535,0,0,0,0,0
236505293053842,7355,0,0,0,0,0
101387106632217,3309,0,0,0,0,0
201472299914877,4953,0,0,0,0,0
10150286522502259,0,0,0,0,0,0
10150286343972259,0,0,0,0,0,0
10150285533377259,0,0,0,0,0,0
10150285479777259,4330,0,0,0,0,0
10150284431467259,7824,0,0,0,0,0
10150282623337259,0,0,0,0,0,0
243982395633250,4494,0,0,0,0,0
10150280168937259,0,0,0,0,0,0
10150279229582259,0,0,0,0,0,0
10150278622592259,0,0,0,0,0,0
10150278457772259,5217,0,0,0,0,0
202794046445296,5635,0,0,0,0,0
229931147049382,5800,0,0,0,0,0
138325779589094,4004,0,0,0,0,0
147130078701969,3952,0,0,0,0,0
10150273267432259,6140,0,0,0,0,0
215135585204485,3718,0,0,0,0,0
10150267278922259,0,0,0,0,0,0
10150266642812259,0,0,0,0,0,0
235807646449913,3604,0,0,0,0,0
240373029318941,4010,0,0,0,0,0
10150261379122259,0,0,0,0,0,0
186382648087963,5690,0,0,0,0,0
205061039545813,3795,0,0,0,0,0
181651658566379,4097,0,0,0,0,0
237990829552062,4097,0,0,0,0,0
10150248514987259,0,0,0,0,0,0
251463041534856,4850,0,0,0,0,0
197351473649669,5070,0,0,0,0,0
119373091483697,4466,0,0,0,0,0
113465592077557,3521,0,0,0,0,0
245476665467638,6087,0,0,0,0,0
176889022371159,6418,0,0,0,0,0
132107580203323,3715,0,0,0,0,0
10150221875872259,3439,0,0,0,0,0
10150219265367259,0,0,0,0,0,0
229634570381793,3770,0,0,0,0,0
234591283221157,3869,0,0,0,0,0
10150214949717259,0,0,0,0,0,0
228739303818617,3561,0,0,0,0,0
10150207686477259,0,0,0,0,0,0
151796174890652,3542,0,0,0,0,0
157603814306020,3910,0,0,0,0,0
10150199941947259,0,0,0,0,0,0
212696535428884,4162,0,0,0,0,0
116253815125826,4218,0,0,0,0,0
10150196155537259,0,0,0,0,0,0
10150194172197259,0,0,0,0,0,0
172822792772147,3627,0,0,0,0,0
213914261967024,4044,0,0,0,0,0
10150187052802259,0,0,0,0,0,0
215020921861087,3447,0,0,0,0,0
117818794966310,4175,0,0,0,0,0
200394039997803,4893,0,0,0,0,0
211962022161311,3851,0,0,0,0,0
209906309029939,4196,0,0,0,0,0
204836016214845,5427,0,0,0,0,0
179439505438437,4849,0,0,0,0,0
10150173011552259,0,0,0,0,0,0
196702427033221,4542,0,0,0,0,0
179918992060975,4713,0,0,0,0,0
210347835661925,4930,0,0,0,0,0
178595722190824,3416,0,0,0,0,0
157046604358221,3965,0,0,0,0,0
200434936662065,3493,0,0,0,0,0
10150166671682259,3434,0,0,0,0,0
10150165722747259,0,0,0,0,0,0
219370131413408,3422,0,0,0,0,0
186959811350601,3557,0,0,0,0,0
184073341638503,6168,0,0,0,0,0
10150159943602259,0,0,0,0,0,0
210380585656959,4549,0,0,0,0,0
213190602040056,4018,0,0,0,0,0
116439098436988,3698,0,0,0,0,0
201139576583082,3946,0,0,0,0,0
10150155296477259,3655,0,0,0,0,0
10150155168147259,4331,0,0,0,0,0
178151728903174,3577,0,0,0,0,0
163183897072530,3886,0,0,0,0,0
162361503822397,4597,0,0,0,0,0
121998241208570,3754,0,0,0,0,0
151306364932436,3752,0,0,0,0,0
139611889442085,4479,0,0,0,0,0
10150133957887259,0,0,0,0,0,0
10150133271252259,4015,0,0,0,0,0
161667017223246,4113,0,0,0,0,0
202411186449351,5329,0,0,0,0,0
10150128534327259,0,0,0,0,0,0
10150128445737259,0,0,0,0,0,0
172777016107346,7501,0,0,0,0,0
188771617831254,4523,0,0,0,0,0
144572488942173,6269,0,0,0,0,0
118693048207056,3257,0,0,0,0,0
10150126646627259,4737,0,0,0,0,0
10150125008597259,5903,0,0,0,0,0
10150124951997259,6432,0,0,0,0,0
10150124799627259,4377,0,0,0,0,0
211674188848385,4194,0,0,0,0,0
192956594078483,4120,0,0,0,0,0
10150123300662259,3577,0,0,0,0,0
10150119001437259,20263,0,0,0,0,0
10150118272447259,0,0,0,0,0,0
10150118265552259,0,0,0,0,0,0
190585760980399,4042,0,0,0,0,0
10150117549972259,0,0,0,0,0,0
184147501628911,3482,0,0,0,0,0
195287963827106,5415,0,0,0,0,0
195812200439213,3467,0,0,0,0,0
181924911852382,5209,0,0,0,0,0
203472819663326,5092,0,0,0,0,0
186600868044442,4127,0,0,0,0,0
186297594739036,7324,0,0,0,0,0
187016494669588,16855,0,0,0,0,0
10150111257907259,4951,0,0,0,0,0
10150108357922259,8017,0,0,0,0,0
155152464542628,3630,0,0,0,0,0
10150106508052259,6344,0,0,0,0,0
10150106463577259,4245,0,0,0,0,0
10150106209312259,3002,0,0,0,0,0
203733649641403,3518,0,0,0,0,0
10150101202722259,0,0,0,0,0,0
10150101159497259,0,0,0,0,0,0
10150100571367259,0,0,0,0,0,0
193707063991992,5396,0,0,0,0,0
188399161182728,5818,0,0,0,0,0
144717425588616,3026,0,0,0,0,0
149032431821310,3514,0,0,0,0,0
195864297091686,4934,0,0,0,0,0
182255281815024,3724,0,0,0,0,0
10150094307497259,0,0,0,0,0,0
198262350187695,4305,0,0,0,0,0
151234588264067,3709,0,0,0,0,0
10150093721167259,0,0,0,0,0,0
149381478452590,6214,0,0,0,0,0
188913147800661,4518,0,0,0,0,0
106042176140748,6830,0,0,0,0,0
105951486149355,6496,0,0,0,0,0
162232720494166,10099,0,0,0,0,0
121087507963701,3714,0,0,0,0,0
147241131998868,11703,0,0,0,0,0
121299554609480,8458,0,0,0,0,0
188150084547913,5262,0,0,0,0,0
500457847258,0,0,0,0,0,0
142963185761508,3439,0,0,0,0,0
495465877258,0,0,0,0,0,0
101101766631899,4584,0,0,0,0,0
181118708577908,3455,0,0,0,0,0
130513967011924,2125,0,0,0,0,0
118191444916153,4568,0,0,0,0,0
187000691312240,2275,0,0,0,0,0
183903234968937,1900,0,0,0,0,0
184722171553963,1662,0,0,0,0,0
188285607853762,1657,0,0,0,0,0
484055647258,0,0,0,0,0,0
138303689560307,2259,0,0,0,0,0
151082418277692,2655,0,0,0,0,0
179492272069794,2256,0,0,0,0,0
482707417258,0,0,0,0,0,0
183541408339239,2991,0,0,0,0,0
175348385820238,3410,0,0,0,0,0
112548428817458,1959,0,0,0,0,0
177613108923988,2572,0,0,0,0,0
479731172258,0,0,0,0,0,0
149192498463759,6661,0,0,0,0,0
172653196102337,2599,0,0,0,0,0
479133307258,0,0,0,0,0,0
181675521858182,2612,0,0,0,0,0
169856253054921,2283,0,0,0,0,0
125638070832895,1905,0,0,0,0,0
163601653682516,3151,0,0,0,0,0
165370200171502,2277,0,0,0,0,0
175807335776511,2193,0,0,0,0,0
176565575706473,3839,0,0,0,0,0
173441129346019,2048,0,0,0,0,0
184186528258534,2399,0,0,0,0,0
147887268596514,2657,0,0,0,0,0
183937248287374,2116,0,0,0,0,0
124710980926687,3390,0,0,0,0,0
475642562258,0,0,0,0,0,0
124902010907785,2504,0,0,0,0,0
135124169879363,1752,0,0,0,0,0
113187378752183,1827,0,0,0,0,0
135048443220768,3171,0,0,0,0,0
117707441630418,2191,0,0,0,0,0
109340152472519,2419,0,0,0,0,0
116556298411846,17455,0,0,0,0,0
153593278020156,2127,0,0,0,0,0
474492947258,0,0,0,0,0,0
108728389199965,2373,0,0,0,0,0
165341003502134,2847,1,0,0,0,0
175329525824142,2316,0,0,0,0,0
108270505913145,2048,0,0,0,0,0
108673622539279,3033,0,0,0,0,0
170172039680060,3513,0,0,0,0,0
165806443456163,2600,0,0,0,0,0
165772910128881,3857,0,0,0,0,0
128102237250453,2262,0,0,0,0,0
110445179026412,3182,0,0,0,0,0
470851222258,0,0,0,0,0,0
470848337258,0,0,0,0,0,0
179683505375443,2240,0,0,0,0,0
120869677976683,2492,0,0,0,0,0
149071431808016,2844,0,0,0,0,0
160427963998520,2587,0,0,0,0,0
468260232258,0,0,0,0,0,0
173150252713508,2361,0,0,0,0,0
110300569038703,2184,0,0,0,0,0
179217878759022,3077,0,0,0,0,0
125494000843711,2006,0,0,0,0,0
168082926559073,3522,0,0,0,0,0
134034853318763,2864,0,0,0,0,0
156312807746640,2214,0,0,0,0,0
168709903150336,2207,0,0,0,0,0
162568090445495,1751,0,0,0,0,0
130499703673899,1693,0,0,0,0,0
130740506983812,2271,0,0,0,0,0
162039660500332,3295,0,0,0,0,0
162797493759598,2540,0,0,0,0,0
164483463592025,2200,0,0,0,0,0
141887292530058,2583,0,0,0,0,0
176536349030279,2264,0,0,0,0,0
167584436597465,1872,0,0,0,0,0
141406662578885,2243,0,0,0,0,0
177000002314737,2066,0,0,0,0,0
132609320128333,1265,0,0,0,0,0
140402916010859,1443,0,0,0,0,0
129715777085126,1998,0,0,0,0,0
176351219048706,2155,0,0,0,0,0
460033622258,0,0,0,0,0,0
165227360177305,1769,0,0,0,0,0
158718267503416,2018,0,0,0,0,0
106261306109493,1942,0,0,0,0,0
106131116122444,2043,0,0,0,0,0
157143934327347,2096,1,0,0,0,0
174759495869909,2700,0,0,0,0,0
110999368965851,1897,0,0,0,0,0
168049669885922,2034,0,0,0,0,0
168651116486779,2160,0,0,0,0,0
165419993478578,1619,0,0,0,0,0
172531299426702,1661,0,0,0,0,0
456942657258,0,0,0,0,0,0
138133692905878,1947,0,0,0,0,0
116259461771904,3264,0,0,0,0,0
162775353757260,2154,0,0,0,0,0
156136924427937,2135,0,0,0,0,0
456400822258,0,0,0,0,0,0
160516567321979,3246,0,0,0,0,0
174133962602709,4687,0,0,0,0,0
163745400323968,2646,0,0,0,0,0
167390889956309,2446,0,0,0,0,0
166531520037365,2189,0,0,0,0,0
164358513587495,2288,0,0,0,0,0
109183719147250,2505,0,0,0,0,0
162469873783854,2066,0,0,0,0,0
154159114626798,3931,0,0,0,0,0
151875351523842,2440,0,0,0,0,0
158142684221072,2850,0,0,0,0,0
130384527017382,3244,0,0,0,0,0
114642801931380,2471,0,0,0,0,0
157151844320180,2761,0,0,0,0,0
166343083393949,2750,0,0,0,0,0
165145903510345,3168,0,0,0,0,0
128070303915309,2406,0,0,0,0,0
170045929673124,2093,0,0,0,0,0
171378019544738,3481,0,0,0,0,0
152309314813023,2592,0,0,0,0,0
164801080215902,3627,0,0,0,0,0
160787763954654,2728,0,0,0,0,0
118626728198536,2163,0,0,0,0,0
127736260614137,2937,0,0,0,0,0
163870270308680,2362,0,0,0,0,0
139151946132241,2231,0,0,0,0,0
154961997872331,7123,0,0,0,0,0
170521762962422,2447,0,0,0,0,0
117708378290690,2701,0,0,0,0,0
135510156498281,2900,0,0,0,0,0
169604849716814,1803,0,0,0,0,0
159663130734287,1806,0,0,0,0,0
166596490033075,2356,0,0,0,0,0
156465434394273,1871,0,0,0,0,0
151927864848966,1876,0,0,0,0,0
151855258189026,2287,0,0,0,0,0
103938176340551,1804,0,0,0,0,0
146238685420644,2307,0,0,0,0,0
133543143362825,1911,0,0,0,0,0
103629349703554,2275,0,0,0,0,0
153834814654396,3767,0,0,0,0,0
446547572258,0,0,0,0,0,0
142318655814792,2423,0,0,0,0,0
168623503151245,2303,0,0,0,0,0
160932220591944,2169,0,0,0,0,0
124383154282292,2309,0,0,0,0,0
110102209054049,2102,0,0,0,0,0
150214728354041,2690,0,0,0,0,0
114753625252379,3091,0,0,0,0,0
120082284714817,2476,0,0,0,0,0
151668314870799,1967,0,0,0,0,0
123051454415877,4110,0,0,0,0,0
155539297810841,2588,0,0,0,0,0
146513982058259,3171,0,0,0,0,0
122726907780531,5988,0,0,0,0,0
122682094451527,2320,0,0,0,0,0
163847293628097,2441,0,0,0,0,0
157140944308065,3845,0,0,0,0,0
158520744177477,2184,0,0,0,0,0
158862484132949,2013,0,0,0,0,0
165295063481206,2271,0,0,0,0,0
129651383754141,3463,0,0,0,0,0
129893863727836,2574,0,0,0,0,0
163194560364577,2175,0,0,0,0,0
129722490413209,3998,0,0,0,0,0
117985614925289,4554,0,0,0,0,0
133637323351390,3257,0,0,0,0,0
151006631605285,2017,0,0,0,0,0
151116931594455,1988,0,0,0,0,0
160521530640082,1813,0,0,0,0,0
112190878841768,1919,0,0,0,0,0
105738489490215,5402,0,0,0,0,0
141776149200943,2864,0,0,0,0,0
158115430874180,2442,0,0,0,0,0
111335962260368,2240,0,0,0,0,0
130209630360891,1813,0,0,0,0,0
136957779683848,4012,0,0,0,0,0
149824688390338,1860,0,0,0,0,0
162489853764886,2836,0,0,0,0,0
152426978122156,2272,0,0,0,0,0
110234825704515,2130,0,0,0,0,0
151978158167661,2152,0,0,0,0,0
149555645084673,4100,0,0,0,0,0
127553327296999,2764,0,0,0,0,0
160913793921368,2288,0,0,0,0,0
129323617116487,3421,0,0,0,0,0
148152281887544,2049,0,0,0,0,0
115669141825305,1742,0,0,0,0,0
157513460941334,2145,0,0,0,0,0
115317605193247,2283,0,0,0,0,0
436112157258,0,0,0,0,0,0
157846447574738,3687,0,0,0,0,0
109301732462771,2041,0,0,0,0,0
118661224854392,2205,0,0,0,0,0
144333932274509,1934,0,0,0,0,0
147316398638658,2102,0,0,0,0,0
435406412258,0,0,0,0,0,0
154073371284436,2847,0,0,0,0,0
131144226932649,2163,0,0,0,0,0
142686919101125,1900,0,0,0,0,0
434952422258,0,0,0,0,0,0
146610578709640,1928,0,0,0,0,0
146452385391130,2167,0,0,0,0,0
138516499526965,3219,0,0,0,0,0
157939880884458,3490,0,0,0,0,0
132922813420080,2187,0,0,0,0,0
153770894641858,1867,0,0,0,0,0
107565195970894,1914,0,0,0,0,0
133580216687756,2325,0,0,0,0,0
126346364081816,2275,0,0,0,0,0
145330582172182,2656,0,0,0,0,0
432435417258,0,0,0,0,0,0
146574152050008,2674,0,0,0,0,0
115636175158890,2550,0,0,0,0,0
152345018124519,3337,0,0,0,0,0
150266768331003,3202,0,0,0,0,0
110800472312113,2867,0,0,0,0,0
150269131663720,1891,0,0,0,0,0
152519228107323,2181,0,0,0,0,0
114307871957712,1703,0,0,0,0,0
137019949674840,2144,0,0,0,0,0
143190819052459,1955,0,0,0,0,0
146253362072362,2219,0,0,0,0,0
120987917951961,1893,0,0,0,0,0
145381435496443,2321,0,0,0,0,0
142271415808340,3298,0,0,0,0,0
148777701813484,2355,0,0,0,0,0
113563725366278,2655,0,0,0,0,0
136497856394218,3128,0,0,0,0,0
154032324607907,1996,0,0,0,0,0
142365669136117,2224,0,0,0,0,0
149241551760267,2541,0,0,0,0,0
144994442200853,1792,0,0,0,0,0
427820307258,0,0,0,0,0,0
427813567258,0,0,0,0,0,0
154336894582375,2771,0,0,0,0,0
145503662146672,2845,0,0,0,0,0
141858532517408,2719,0,0,0,0,0
112580998797454,3070,0,0,0,0,0
153447664672186,3878,0,0,0,0,0
148036498547599,6043,0,0,0,0,0
141379585901489,1593,0,0,0,0,0
144361318928405,2175,0,0,0,0,0
128676230512172,2673,0,0,0,0,0
425770902258,0,0,0,0,0,0
147338091957987,2819,0,0,0,0,0
143592709008310,2208,0,0,0,0,0
153411981336198,3970,0,0,0,0,0
123957180984770,2620,0,0,0,0,0
146360462060407,3586,0,0,0,0,0
143161512382325,3413,0,0,0,0,0
139620702740331,4426,0,0,0,0,0
144699468885268,2620,0,0,0,0,0
142120145820508,4242,0,0,0,0,0
145884748773309,2279,0,0,0,0,0
142293759134546,2035,0,0,0,0,0
110032305717678,1807,0,0,0,0,0
144375432249669,2116,0,0,0,0,0
138240422878741,1768,0,0,0,0,0
146437028716133,1898,0,0,0,0,0
138144532891393,2603,0,0,0,0,0
421303377258,0,0,0,0,0,0
108634222525792,2427,0,0,0,0,0
149569341724730,2809,0,0,0,0,0
121158617932180,1762,0,0,0,0,0
147535185258942,1764,0,0,0,0,0
143292955698194,1770,0,0,0,0,0
145097578850063,1911,0,0,0,0,0
140364699320118,2539,0,0,0,0,0
135009749868113,1814,0,0,0,0,0
140641955965557,1916,0,0,0,0,0
145313602147981,1815,0,0,0,0,0
416464557258,0,0,0,0,0,0
140680529284226,1851,0,0,0,0,0
415685017258,0,0,0,0,0,0
130860273622994,3927,0,0,0,0,0
139671262718269,1916,0,0,0,0,0
103404136381766,2737,0,0,0,0,0
139000672790450,1982,0,0,0,0,0
143699535640978,2263,0,0,0,0,0
129652777075916,1711,0,0,0,0,0
139664489386192,2224,0,0,0,0,0
413985762258,0,0,0,0,0,0
109686835748563,2346,0,0,0,0,0
115172181864439,2021,0,0,0,0,0
125447994165350,1873,0,0,0,0,0
133455096688482,1883,0,0,0,0,0
132342163466439,1822,0,0,0,0,0
139927679353393,1590,0,0,0,0,0
141074212573221,1744,0,0,0,0,0
134188159935873,1743,0,0,0,0,0
107917525924108,2090,0,0,0,0,0
134398536575743,2382,0,0,0,0,0
123787534328801,1228,0,0,0,0,0
125312270832941,2195,0,0,0,0,0
133291646681593,2142,0,0,0,0,0
126425710719919,1819,0,0,0,0,0
108370419209446,1968,0,0,0,0,0
107535995959037,2232,0,0,0,0,0
103350033046416,2683,0,0,0,0,0
398189507258,0,0,0,0,0,0
397821712258,0,0,0,0,0,0
113130012064049,1937,0,0,0,0,0
128685613812080,8477,0,0,0,0,0
128671290480675,2088,0,0,0,0,0
128574447156977,2220,0,0,0,0,0
117954351573048,2069,0,0,0,0,0
395443012258,0,0,0,0,0,0
108462435864513,2130,0,0,0,0,0
395394297258,0,0,0,0,0,0
120124394688690,1976,0,0,0,0,0
124391017587498,3332,0,0,0,0,0
120187811345853,6690,0,0,0,0,0
114016525306536,2540,0,0,0,0,0
123347214350291,3294,0,0,0,0,0
121492647872050,5377,0,0,0,0,0
122577884434032,1884,0,0,0,0,0
119248401442475,2641,0,0,0,0,0
113926921982521,3468,0,0,0,0,0
127955863884527,1919,0,0,0,0,0
394363532258,0,0,0,0,0,0
117058778333785,4039,0,0,0,0,0
120663081290485,1971,0,0,0,0,0
116881885016099,2815,0,0,0,0,0
393656772258,0,0,0,0,0,0
122389314454625,7725,0,0,0,0,0
116274535076284,1937,0,0,0,0,0
122315767795053,2223,0,0,0,0,0
106262556085516,3542,0,0,0,0,0
120614844630345,2424,0,0,0,0,0
117783898255724,4697,0,0,0,0,0
120001081362519,3149,0,0,0,0,0
115878451784251,7998,0,0,0,0,0
118293718202082,3231,0,0,0,0,0
112367328805746,15844,0,0,0,0,0
124849277530875,2804,0,0,0,0,0
115593215143509,2111,0,0,0,0,0
108765152500775,2439,0,0,0,0,0
108711999172668,2711,0,0,0,0,0
124028177609774,2758,0,0,0,0,0
108374149205703,2073,0,0,0,0,0
391284867258,0,0,0,0,0,0
119356904756051,3484,0,0,0,0,0
390903367258,0,0,0,0,0,0
119938721357522,2421,0,0,0,0,0
118245291537830,5591,0,0,0,0,0
113849171986832,10249,0,0,0,0,0
118148704881527,1813,0,0,0,0,0
113395665363183,1954,0,0,0,0,0
117830051574237,3132,0,0,0,0,0
"389176157258"",""389173132258",0,0,0,0,0,0
118401744852416,1840,0,0,0,0,0
388264177258,0,0,0,0,0,0
101380803239553,3130,0,0,0,0,0
121942141152481,7807,0,0,0,0,0
117929448225862,2533,0,0,0,0,0
113614035334694,1355,0,0,0,0,0
385205507258,0,0,0,0,0,0
113248858697762,2291,0,0,0,0,0
109473272421770,2042,0,0,0,0,0
385117162258,0,0,0,0,0,0
113440475347203,2536,0,0,0,0,0
384540467258,0,0,0,0,0,0
